frame,red_px,abnormal
0,83,0
1,78,0
2,72,0
3,73,0
4,79,0
5,80,0
6,77,0
7,76,0
8,74,0
9,72,0
10,63,0
11,78,0
12,75,0
13,75,0
14,89,0
15,83,0
16,82,0
17,81,0
18,77,0
19,78,0
20,66,0
21,74,0
22,79,0
23,77,0
24,84,0
25,87,0
26,79,0
27,76,0
28,93,0
29,92,0
30,89,0
31,87,0
32,93,0
33,88,0
34,102,0
35,98,0
36,85,0
37,89,0
38,87,0
39,89,0
40,93,0
41,99,0
42,91,0
43,83,0
44,91,0
45,91,0
46,89,0
47,91,0
48,85,0
49,88,0
50,74,0
51,77,0
52,76,0
53,77,0
54,82,0
55,81,0
56,70,0
57,67,0
58,72,0
59,82,0
60,72,0
61,82,0
62,76,0
63,64,0
64,55,0
65,42,0
66,30,0
67,36,0
68,35,0
69,30,0
70,27,0
71,25,0
72,28,0
73,26,0
74,28,0
75,39,0
76,27,0
77,30,0
78,31,0
79,28,0
80,28,0
81,25,0
82,26,0
83,31,0
84,26,0
85,36,0
86,35,0
87,34,0
88,36,0
89,34,0
90,34,0
91,45,0
92,54,0
93,56,0
94,55,0
95,59,0
96,61,0
97,61,0
98,56,0
99,59,0
100,66,0
101,70,0
102,68,0
103,66,0
104,68,0
105,65,0
106,68,0
107,70,0
108,71,0
109,70,0
110,73,0
111,72,0
112,77,0
113,78,0
114,78,0
115,87,0
116,104,0
117,104,0
118,105,0
119,101,0
120,94,0
121,98,0
122,97,0
123,90,0
124,87,0
125,87,0
126,85,0
127,83,0
128,86,0
129,89,0
130,89,0
131,87,0
132,86,0
133,80,0
134,84,0
135,87,0
136,102,0
137,115,0
138,109,0
139,113,0
140,117,0
141,120,0
142,111,0
143,120,0
144,117,0
145,112,0
146,110,0
147,100,0
148,95,0
149,101,0
150,116,0
151,113,0
152,119,0
153,117,0
154,114,0
155,112,0
156,120,0
157,98,0
158,99,0
159,105,0
160,108,0
161,107,0
162,105,0
163,115,0
164,118,0
165,116,0
166,120,0
167,114,0
168,117,0
169,116,0
170,112,0
171,115,0
172,121,0
173,122,0
174,123,0
175,115,0
176,108,0
177,99,0
178,107,0
179,106,0
180,103,0
181,99,0
182,97,0
183,106,0
184,101,0
185,111,0
186,114,0
187,103,0
188,100,0
189,118,0
190,104,0
191,116,0
192,120,0
193,108,0
194,114,0
195,105,0
196,98,0
197,114,0
198,111,0
199,109,0
200,109,0
201,103,0
202,97,0
203,101,0
204,102,0
205,93,0
206,91,0
207,99,0
208,102,0
209,82,0
210,93,0
211,90,0
212,86,0
213,91,0
214,97,0
215,103,0
216,105,0
217,110,0
218,109,0
219,105,0
220,112,0
221,103,0
222,101,0
223,99,0
224,93,0
225,88,0
226,103,0
227,107,0
228,103,0
229,105,0
230,111,0
231,112,0
232,99,0
233,112,0
234,133,0
235,122,0
236,113,0
237,114,0
238,125,0
239,121,0
240,117,0
241,121,0
242,122,0
243,120,0
244,119,0
245,112,0
246,101,0
247,103,0
248,111,0
249,111,0
250,91,0
251,92,0
252,100,0
253,102,0
254,91,0
255,92,0
256,95,0
257,88,0
258,95,0
259,96,0
260,96,0
261,109,0
262,101,0
263,96,0
264,96,0
265,97,0
266,105,0
267,112,0
268,102,0
269,98,0
270,95,0
271,103,0
272,117,0
273,110,0
274,113,0
275,107,0
276,109,0
277,104,0
278,98,0
279,87,0
280,106,0
281,96,0
282,88,0
283,99,0
284,93,0
285,90,0
286,89,0
287,90,0
288,71,0
289,87,0
290,83,0
291,85,0
292,77,0
293,74,0
294,86,0
295,84,0
296,86,0
297,73,0
298,88,0
299,85,0
300,73,0
301,67,0
302,72,0
303,72,0
304,65,0
305,70,0
306,68,0
307,55,0
308,74,0
309,70,0
310,59,0
311,57,0
312,51,0
313,40,0
314,33,0
315,28,0
316,20,0
317,15,0
318,14,0
319,16,0
320,7,0
321,2,0
322,0,0
323,0,0
324,0,0
325,0,0
326,0,0
327,0,0
328,0,0
329,0,0
330,0,0
331,0,0
332,0,0
333,0,0
334,0,0
335,0,0
336,0,0
337,0,0
338,0,0
339,0,0
340,0,0
341,0,0
342,0,0
343,0,0
344,0,0
345,0,0
346,0,0
347,0,0
348,0,0
349,0,0
350,4,0
351,0,0
352,4,0
353,3,0
354,0,0
355,0,0
356,0,0
357,0,0
358,0,0
359,0,0
360,0,0
361,0,0
362,0,0
363,0,0
364,0,0
365,0,0
366,0,0
367,4,0
368,4,0
369,4,0
370,3,0
371,0,0
372,0,0
373,0,0
374,0,0
375,0,0
376,0,0
377,0,0
378,0,0
379,0,0
380,0,0
381,0,0
382,0,0
383,0,0
384,0,0
385,0,0
386,0,0
387,0,0
388,0,0
389,0,0
390,0,0
391,0,0
392,0,0
393,0,0
394,0,0
395,0,0
396,0,0
397,0,0
398,0,0
399,0,0
400,0,0
401,0,0
402,0,0
403,0,0
404,0,0
405,0,0
406,0,0
407,0,0
408,0,0
409,0,0
410,0,0
411,0,0
412,0,0
413,0,0
414,0,0
415,0,0
416,0,0
417,0,0
418,0,0
419,0,0
420,0,0
421,0,0
422,0,0
423,0,0
424,0,0
425,0,0
426,0,0
427,0,0
428,0,0
429,0,0
430,0,0
431,0,0
432,0,0
433,0,0
434,0,0
435,0,0
436,0,0
437,0,0
438,0,0
439,0,0
440,0,0
441,0,0
442,0,0
443,0,0
444,0,0
445,0,0
446,0,0
447,4,0
448,4,0
449,2,0
450,1,0
451,4,0
452,3,0
453,1,0
454,4,0
455,2,0
456,0,0
457,0,0
458,2,0
459,1,0
460,3,0
461,5,0
462,9,0
463,7,0
464,12,0
465,12,0
466,18,0
467,16,0
468,18,0
469,20,0
470,19,0
471,21,0
472,28,0
473,23,0
474,23,0
475,27,0
476,24,0
477,24,0
478,24,0
479,18,0
480,14,0
481,16,0
482,18,0
483,12,0
484,17,0
485,17,0
486,22,0
487,16,0
488,14,0
489,7,0
490,7,0
491,5,0
492,6,0
493,16,0
494,20,0
495,20,0
496,27,0
497,27,0
498,23,0
499,17,0
500,16,0
501,11,0
502,15,0
503,18,0
504,17,0
505,21,0
506,27,0
507,22,0
508,27,0
509,23,0
510,37,0
511,35,0
512,43,0
513,44,0
514,40,0
515,32,0
516,28,0
517,21,0
518,24,0
519,26,0
520,28,0
521,19,0
522,26,0
523,25,0
524,37,0
525,575,1
526,568,1
527,568,1
528,582,1
529,595,1
530,593,1
531,585,1
532,580,1
533,574,1
534,571,1
535,572,1
536,557,1
537,549,1
538,556,1
539,555,1
540,560,1
541,574,1
542,586,1
543,590,1
544,588,1
545,597,1
546,597,1
547,614,1
548,617,1
549,622,1
550,613,1
551,594,1
552,581,1
553,581,1
554,581,1
555,581,1
556,581,1
557,580,1
558,576,1
559,574,1
560,568,1
561,568,1
562,568,1
563,569,1
564,564,1
565,558,1
566,559,1
567,558,1
568,554,1
569,552,1
570,552,1
571,552,1
572,552,1
573,551,1
574,551,1
575,549,1
576,552,1
577,552,1
578,552,1
579,552,1
580,555,1
581,553,1
582,555,1
583,553,1
584,555,1
585,553,1
586,553,1
587,557,1
588,558,1
589,558,1
590,558,1
591,558,1
592,558,1
593,561,1
594,561,1
595,561,1
596,561,1
597,561,1
598,561,1
599,561,1
600,557,1
601,560,1
602,561,1
603,561,1
604,561,1
605,561,1
606,561,1
607,561,1
608,561,1
609,561,1
610,561,1
611,561,1
612,561,1
613,561,1
614,563,1
615,0,0
616,0,0
617,0,0
618,0,0
619,0,0
620,0,0
621,0,0
622,0,0
623,0,0
624,0,0
625,0,0
626,0,0
627,0,0
628,0,0
629,0,0
630,0,0
631,0,0
632,0,0
633,0,0
634,0,0
635,0,0
636,0,0
637,0,0
638,0,0
639,0,0
640,0,0
641,0,0
642,0,0
643,0,0
644,0,0
645,0,0
646,0,0
647,0,0
648,0,0
649,0,0
650,0,0
651,0,0
652,0,0
653,0,0
654,0,0
655,0,0
656,0,0
657,0,0
658,0,0
659,0,0
660,0,0
661,0,0
662,0,0
663,0,0
664,0,0
665,0,0
666,0,0
667,0,0
668,0,0
669,0,0
670,0,0
671,0,0
672,0,0
673,0,0
674,0,0
675,0,0
676,0,0
677,0,0
678,0,0
679,0,0
680,0,0
681,0,0
682,0,0
683,0,0
684,0,0
685,0,0
686,0,0
687,0,0
688,0,0
689,0,0
690,0,0
691,0,0
692,0,0
693,0,0
694,0,0
695,0,0
696,0,0
697,0,0
698,0,0
699,0,0
700,0,0
701,0,0
702,0,0
703,0,0
704,0,0
705,0,0
706,0,0
707,0,0
708,0,0
709,0,0
710,0,0
711,0,0
712,0,0
713,0,0
714,0,0
715,0,0
716,0,0
717,0,0
718,0,0
719,0,0
720,0,0
721,0,0
722,0,0
723,0,0
724,0,0
725,0,0
726,0,0
727,0,0
728,0,0
729,0,0
730,0,0
731,0,0
732,0,0
733,0,0
734,0,0
735,0,0
736,0,0
737,0,0
738,0,0
739,0,0
740,0,0
741,0,0
742,0,0
743,0,0
744,0,0
745,0,0
746,0,0
747,0,0
748,0,0
749,0,0
750,0,0
751,0,0
752,0,0
753,0,0
754,0,0
755,0,0
756,0,0
757,0,0
758,0,0
759,0,0
760,0,0
761,0,0
762,0,0
763,0,0
764,0,0
765,0,0
766,0,0
767,0,0
768,0,0
769,0,0
770,0,0
771,0,0
772,0,0
773,0,0
774,0,0
775,0,0
776,0,0
777,0,0
778,0,0
779,0,0
780,0,0
781,0,0
782,0,0
783,0,0
784,0,0
785,0,0
786,0,0
787,0,0
788,0,0
789,0,0
790,0,0
791,0,0
792,0,0
793,0,0
794,0,0
795,0,0
796,0,0
797,0,0
798,0,0
799,0,0
800,0,0
801,0,0
802,0,0
803,0,0
804,0,0
805,0,0
806,0,0
807,0,0
808,0,0
809,0,0
810,0,0
811,0,0
812,0,0
813,0,0
814,0,0
815,0,0
816,0,0
817,0,0
818,0,0
819,0,0
820,0,0
821,0,0
822,0,0
823,0,0
824,0,0
825,0,0
826,0,0
827,0,0
828,0,0
829,0,0
830,0,0
831,0,0
832,0,0
833,0,0
834,0,0
835,0,0
836,0,0
837,0,0
838,0,0
839,0,0
840,0,0
841,0,0
842,0,0
843,0,0
844,0,0
845,0,0
846,0,0
847,0,0
848,0,0
849,0,0
850,0,0
851,0,0
852,0,0
853,0,0
854,0,0
855,0,0
856,0,0
857,0,0
858,0,0
859,0,0
860,0,0
861,0,0
862,0,0
863,0,0
864,0,0
865,0,0
866,0,0
867,0,0
868,0,0
869,0,0
870,0,0
871,0,0
872,0,0
873,0,0
874,0,0
875,0,0
876,0,0
877,0,0
878,0,0
879,0,0
880,0,0
881,0,0
882,0,0
883,0,0
884,0,0
885,0,0
886,0,0
887,0,0
888,0,0
889,0,0
890,0,0
891,0,0
892,0,0
893,0,0
894,0,0
895,0,0
896,0,0
897,0,0
898,0,0
899,0,0
900,0,0
901,0,0
902,0,0
903,0,0
904,0,0
905,0,0
906,0,0
907,0,0
908,0,0
909,0,0
910,0,0
911,0,0
912,0,0
913,0,0
914,0,0
915,0,0
916,0,0
917,0,0
918,0,0
919,0,0
920,0,0
921,0,0
922,0,0
923,0,0
924,0,0
925,0,0
926,0,0
927,0,0
928,0,0
929,0,0
930,0,0
931,0,0
932,0,0
933,0,0
934,0,0
935,0,0
936,0,0
937,0,0
938,0,0
939,0,0
940,0,0
941,0,0
942,0,0
943,0,0
944,0,0
945,0,0
946,0,0
947,0,0
948,0,0
949,0,0
950,0,0
951,0,0
952,0,0
953,0,0
954,0,0
955,0,0
956,0,0
957,0,0
958,0,0
959,0,0
960,0,0
961,0,0
962,0,0
963,0,0
964,0,0
965,0,0
966,0,0
967,0,0
968,0,0
969,0,0
970,0,0
971,0,0
972,0,0
973,0,0
974,0,0
975,0,0
976,0,0
977,0,0
978,0,0
979,0,0
980,0,0
981,0,0
982,0,0
983,0,0
984,0,0
985,0,0
986,0,0
987,0,0
988,0,0
989,0,0
990,4,0
991,8,0
992,7,0
993,6,0
994,6,0
995,6,0
996,9,0
997,9,0
998,11,0
999,14,0
1000,23,0
1001,24,0
1002,19,0
1003,18,0
1004,32,0
1005,27,0
1006,26,0
1007,27,0
1008,37,0
1009,36,0
1010,37,0
1011,37,0
1012,43,0
1013,38,0
1014,43,0
1015,41,0
1016,40,0
1017,47,0
1018,44,0
1019,49,0
1020,51,0
1021,50,0
1022,47,0
1023,50,0
1024,51,0
1025,42,0
1026,42,0
1027,47,0
1028,47,0
1029,41,0
1030,42,0
1031,41,0
1032,41,0
1033,32,0
1034,35,0
1035,33,0
1036,32,0
1037,31,0
1038,31,0
1039,28,0
1040,29,0
1041,32,0
1042,28,0
1043,30,0
1044,35,0
1045,36,0
1046,35,0
1047,28,0
1048,26,0
1049,25,0
1050,32,0
1051,33,0
1052,30,0
1053,32,0
1054,29,0
1055,33,0
1056,36,0
1057,35,0
1058,40,0
1059,40,0
1060,39,0
1061,33,0
1062,39,0
1063,35,0
1064,36,0
1065,34,0
1066,34,0
1067,35,0
1068,44,0
1069,36,0
1070,27,0
1071,30,0
1072,29,0
1073,35,0
1074,33,0
1075,32,0
1076,36,0
1077,43,0
1078,46,0
1079,48,0
1080,41,0
1081,39,0
1082,44,0
1083,43,0
1084,35,0
1085,31,0
1086,37,0
1087,29,0
1088,35,0
1089,44,0
1090,40,0
1091,38,0
1092,39,0
1093,27,0
1094,31,0
1095,22,0
1096,28,0
1097,32,0
1098,42,0
1099,46,0
1100,31,0
1101,50,0
1102,42,0
1103,40,0
1104,48,0
1105,47,0
1106,43,0
1107,43,0
1108,43,0
1109,44,0
1110,43,0
1111,48,0
1112,49,0
1113,58,0
1114,56,0
1115,59,0
1116,57,0
1117,70,0
1118,68,0
1119,64,0
1120,68,0
1121,77,0
1122,78,0
1123,82,0
1124,63,0
1125,65,0
1126,61,0
1127,64,0
1128,57,0
1129,61,0
1130,61,0
1131,60,0
1132,57,0
1133,54,0
1134,55,0
1135,57,0
1136,58,0
1137,60,0
1138,60,0
1139,62,0
1140,58,0
1141,56,0
1142,52,0
1143,52,0
1144,55,0
1145,58,0
1146,61,0
1147,56,0
1148,55,0
1149,50,0
1150,47,0
1151,47,0
1152,47,0
1153,37,0
1154,37,0
1155,35,0
1156,27,0
1157,27,0
1158,26,0
1159,23,0
1160,18,0
1161,23,0
1162,22,0
1163,24,0
1164,21,0
1165,28,0
1166,28,0
1167,26,0
1168,26,0
1169,22,0
1170,22,0
1171,19,0
1172,16,0
1173,18,0
1174,12,0
1175,9,0
1176,10,0
1177,3,0
1178,0,0
1179,0,0
1180,0,0
1181,0,0
1182,0,0
1183,0,0
1184,0,0
1185,0,0
1186,0,0
1187,0,0
1188,0,0
1189,0,0
1190,0,0
1191,0,0
1192,0,0
1193,0,0
1194,0,0
1195,0,0
1196,0,0
1197,0,0
1198,0,0
1199,0,0
1200,0,0
1201,0,0
1202,0,0
1203,0,0
1204,0,0
1205,0,0
1206,0,0
1207,0,0
1208,0,0
1209,0,0
1210,0,0
1211,0,0
1212,0,0
1213,0,0
1214,0,0
1215,0,0
1216,0,0
1217,0,0
1218,0,0
1219,0,0
1220,0,0
1221,0,0
1222,0,0
1223,0,0
1224,0,0
1225,0,0
1226,0,0
1227,0,0
1228,0,0
1229,0,0
1230,0,0
1231,0,0
1232,0,0
1233,0,0
1234,0,0
1235,0,0
1236,0,0
1237,0,0
1238,0,0
1239,0,0
1240,0,0
1241,0,0
1242,0,0
1243,0,0
1244,0,0
1245,0,0
1246,0,0
1247,0,0
1248,0,0
1249,0,0
1250,0,0
1251,0,0
1252,0,0
1253,0,0
1254,0,0
1255,0,0
1256,0,0
1257,0,0
1258,0,0
1259,0,0
1260,0,0
1261,0,0
1262,0,0
1263,0,0
1264,0,0
1265,0,0
1266,0,0
1267,0,0
1268,0,0
1269,0,0
1270,0,0
1271,0,0
1272,0,0
1273,0,0
1274,0,0
1275,0,0
1276,0,0
1277,0,0
1278,0,0
1279,0,0
1280,0,0
1281,0,0
1282,0,0
1283,0,0
1284,0,0
1285,0,0
1286,0,0
1287,0,0
1288,0,0
1289,0,0
1290,0,0
1291,0,0
1292,0,0
1293,0,0
1294,0,0
1295,0,0
1296,0,0
1297,0,0
1298,0,0
1299,0,0
1300,0,0
1301,0,0
1302,0,0
1303,0,0
1304,0,0
1305,0,0
1306,0,0
1307,0,0
1308,0,0
1309,0,0
1310,0,0
1311,0,0
1312,0,0
1313,0,0
1314,0,0
1315,0,0
1316,0,0
1317,0,0
1318,0,0
1319,0,0
1320,0,0
1321,0,0
1322,0,0
1323,0,0
1324,0,0
1325,0,0
1326,0,0
1327,0,0
1328,0,0
1329,0,0
1330,542,1
1331,544,1
1332,543,1
1333,544,1
1334,545,1
1335,546,1
1336,546,1
1337,547,1
1338,550,1
1339,551,1
1340,550,1
1341,550,1
1342,550,1
1343,552,1
1344,552,1
1345,553,1
1346,561,1
1347,561,1
1348,560,1
1349,558,1
1350,560,1
1351,558,1
1352,558,1
1353,554,1
1354,556,1
1355,556,1
1356,556,1
1357,556,1
1358,558,1
1359,561,1
1360,559,1
1361,559,1
1362,560,1
1363,559,1
1364,559,1
1365,559,1
1366,559,1
1367,558,1
1368,558,1
1369,558,1
1370,559,1
1371,559,1
1372,559,1
1373,559,1
1374,559,1
1375,559,1
1376,559,1
1377,561,1
1378,559,1
1379,559,1
1380,559,1
1381,559,1
1382,559,1
1383,559,1
1384,559,1
1385,560,1
1386,560,1
1387,560,1
1388,560,1
1389,560,1
1390,560,1
1391,560,1
1392,560,1
1393,560,1
1394,560,1
1395,560,1
1396,559,1
1397,559,1
1398,559,1
1399,559,1
1400,560,1
1401,560,1
1402,560,1
1403,560,1
1404,562,1
1405,562,1
1406,562,1
1407,562,1
1408,562,1
1409,562,1
1410,562,1
1411,562,1
1412,562,1
1413,562,1
1414,563,1
1415,563,1
1416,563,1
1417,563,1
1418,563,1
1419,563,1
1420,563,1
1421,563,1
1422,563,1
1423,563,1
1424,563,1
1425,563,1
1426,563,1
1427,563,1
1428,563,1
1429,563,1
1430,563,1
1431,563,1
1432,563,1
1433,563,1
1434,563,1
1435,563,1
1436,563,1
1437,563,1
1438,563,1
1439,563,1
1440,0,0
1441,0,0
1442,0,0
1443,0,0
1444,0,0
1445,0,0
1446,0,0
1447,0,0
1448,0,0
1449,0,0
1450,0,0
1451,0,0
1452,0,0
1453,0,0
1454,0,0
1455,0,0
1456,0,0
1457,0,0
1458,0,0
1459,0,0
1460,0,0
1461,0,0
1462,0,0
1463,0,0
1464,0,0
1465,0,0
1466,0,0
1467,0,0
1468,0,0
1469,0,0
1470,0,0
1471,0,0
1472,0,0
1473,0,0
1474,0,0
1475,0,0
1476,0,0
1477,0,0
1478,0,0
1479,0,0
1480,0,0
1481,0,0
1482,0,0
1483,0,0
1484,0,0
1485,0,0
1486,0,0
1487,0,0
1488,0,0
1489,0,0
1490,0,0
1491,0,0
1492,0,0
1493,0,0
1494,0,0
1495,0,0
1496,0,0
1497,0,0
1498,0,0
1499,0,0
1500,0,0
1501,0,0
1502,0,0
1503,0,0
1504,0,0
1505,0,0
1506,0,0
1507,0,0
1508,0,0
1509,0,0
1510,0,0
1511,0,0
1512,0,0
1513,0,0
1514,0,0
1515,0,0
1516,0,0
1517,0,0
1518,0,0
1519,0,0
1520,0,0
1521,0,0
1522,0,0
1523,0,0
1524,0,0
1525,0,0
1526,0,0
1527,0,0
1528,0,0
1529,0,0
1530,0,0
1531,0,0
1532,0,0
1533,0,0
1534,0,0
1535,0,0
1536,0,0
1537,0,0
1538,0,0
1539,0,0
1540,0,0
1541,0,0
1542,0,0
1543,0,0
1544,0,0
1545,0,0
1546,0,0
1547,0,0
1548,0,0
1549,0,0
1550,0,0
1551,0,0
1552,0,0
1553,0,0
1554,0,0
1555,0,0
1556,0,0
1557,0,0
1558,0,0
1559,0,0
1560,0,0
1561,0,0
1562,0,0
1563,0,0
1564,0,0
1565,0,0
1566,0,0
1567,0,0
1568,0,0
1569,0,0
1570,0,0
1571,0,0
1572,0,0
1573,0,0
1574,0,0
1575,0,0
1576,0,0
1577,0,0
1578,0,0
1579,0,0
1580,0,0
1581,0,0
1582,0,0
1583,0,0
1584,0,0
1585,0,0
1586,0,0
1587,0,0
1588,0,0
1589,0,0
1590,0,0
1591,0,0
1592,0,0
1593,0,0
1594,0,0
1595,0,0
1596,0,0
1597,0,0
1598,0,0
1599,0,0
1600,0,0
1601,0,0
1602,0,0
1603,0,0
1604,0,0
1605,0,0
1606,0,0
1607,0,0
1608,0,0
1609,0,0
1610,0,0
1611,0,0
1612,0,0
1613,0,0
1614,0,0
1615,0,0
1616,0,0
1617,0,0
1618,0,0
1619,0,0
1620,0,0
1621,0,0
1622,0,0
1623,0,0
1624,0,0
1625,0,0
1626,0,0
1627,0,0
1628,0,0
1629,0,0
1630,0,0
1631,0,0
1632,0,0
1633,0,0
1634,0,0
1635,0,0
1636,0,0
1637,0,0
1638,0,0
1639,0,0
1640,0,0
1641,0,0
1642,0,0
1643,0,0
1644,0,0
1645,0,0
1646,0,0
1647,0,0
1648,0,0
1649,0,0
1650,0,0
1651,0,0
1652,0,0
1653,0,0
1654,0,0
1655,0,0
1656,0,0
1657,0,0
1658,0,0
1659,0,0
1660,0,0
1661,0,0
1662,0,0
1663,0,0
1664,0,0
1665,0,0
1666,0,0
1667,0,0
1668,0,0
1669,0,0
1670,0,0
1671,0,0
1672,0,0
1673,0,0
1674,0,0
1675,0,0
1676,0,0
1677,0,0
1678,0,0
1679,0,0
1680,0,0
1681,0,0
1682,0,0
1683,0,0
1684,0,0
1685,0,0
1686,0,0
1687,0,0
1688,0,0
1689,0,0
1690,0,0
1691,0,0
1692,0,0
1693,0,0
1694,0,0
1695,0,0
1696,0,0
1697,0,0
1698,0,0
1699,0,0
1700,0,0
1701,0,0
1702,0,0
1703,0,0
1704,0,0
1705,0,0
1706,0,0
1707,0,0
1708,0,0
1709,0,0
1710,0,0
1711,0,0
1712,0,0
1713,0,0
1714,0,0
1715,0,0
1716,0,0
1717,0,0
1718,0,0
1719,0,0
1720,0,0
1721,0,0
1722,0,0
1723,0,0
1724,0,0
1725,0,0
1726,0,0
1727,0,0
1728,0,0
1729,0,0
1730,0,0
1731,0,0
1732,0,0
1733,0,0
1734,0,0
1735,0,0
1736,0,0
1737,0,0
1738,0,0
1739,0,0
1740,0,0
1741,0,0
1742,0,0
1743,0,0
1744,0,0
1745,0,0
1746,0,0
1747,0,0
1748,0,0
1749,0,0
1750,0,0
1751,0,0
1752,0,0
1753,0,0
1754,0,0
1755,0,0
1756,0,0
1757,0,0
1758,0,0
1759,0,0
1760,0,0
1761,0,0
1762,0,0
1763,0,0
1764,0,0
1765,0,0
1766,0,0
1767,0,0
1768,0,0
1769,0,0
1770,0,0
1771,0,0
1772,0,0
1773,0,0
1774,0,0
1775,0,0
1776,0,0
1777,0,0
1778,0,0
1779,0,0
1780,0,0
1781,0,0
1782,0,0
1783,0,0
1784,0,0
1785,0,0
1786,0,0
1787,0,0
1788,0,0
1789,0,0
1790,0,0
1791,0,0
1792,0,0
1793,0,0
1794,0,0
1795,0,0
1796,0,0
1797,0,0
1798,0,0
1799,0,0
1800,0,0
1801,0,0
1802,0,0
1803,0,0
1804,0,0
1805,0,0
1806,563,1
1807,563,1
1808,563,1
1809,563,1
1810,563,1
1811,563,1
1812,563,1
1813,563,1
1814,563,1
1815,563,1
1816,563,1
1817,563,1
1818,563,1
1819,563,1
1820,563,1
1821,563,1
1822,563,1
1823,563,1
1824,563,1
1825,563,1
1826,563,1
1827,563,1
1828,563,1
1829,563,1
1830,563,1
1831,563,1
1832,563,1
1833,563,1
1834,563,1
1835,563,1
1836,563,1
1837,563,1
1838,563,1
1839,563,1
1840,563,1
1841,563,1
1842,563,1
1843,563,1
1844,563,1
1845,563,1
1846,563,1
1847,563,1
1848,563,1
1849,563,1
1850,563,1
1851,563,1
1852,563,1
1853,563,1
1854,563,1
1855,563,1
1856,563,1
1857,563,1
1858,563,1
1859,563,1
1860,563,1
1861,563,1
1862,563,1
1863,563,1
1864,563,1
1865,563,1
1866,563,1
1867,563,1
1868,563,1
1869,563,1
1870,563,1
1871,563,1
1872,563,1
1873,563,1
1874,563,1
1875,563,1
1876,563,1
1877,563,1
1878,563,1
1879,563,1
1880,563,1
1881,563,1
1882,563,1
1883,563,1
1884,563,1
1885,563,1
1886,563,1
1887,563,1
1888,563,1
1889,563,1
1890,563,1
1891,563,1
1892,563,1
1893,563,1
1894,563,1
1895,563,1
1896,563,1
1897,563,1
1898,563,1
1899,563,1
1900,563,1
1901,563,1
1902,563,1
1903,563,1
1904,563,1
1905,563,1
1906,563,1
1907,563,1
1908,563,1
1909,563,1
1910,563,1
1911,563,1
1912,563,1
1913,563,1
1914,563,1
1915,563,1
1916,563,1
1917,563,1
1918,563,1
1919,563,1
1920,563,1
1921,563,1
1922,563,1
1923,563,1
1924,563,1
1925,563,1
1926,563,1
1927,563,1
1928,563,1
1929,563,1
1930,563,1
1931,563,1
1932,563,1
1933,563,1
1934,563,1
1935,563,1
1936,563,1
1937,563,1
1938,563,1
1939,563,1
1940,563,1
1941,563,1
1942,563,1
1943,563,1
1944,563,1
1945,563,1
1946,563,1
1947,563,1
1948,563,1
1949,563,1
1950,563,1
1951,563,1
1952,563,1
1953,563,1
1954,563,1
1955,563,1
1956,563,1
1957,563,1
1958,563,1
1959,563,1
1960,563,1
1961,563,1
1962,563,1
1963,563,1
1964,563,1
1965,563,1
1966,563,1
1967,563,1
1968,563,1
1969,563,1
1970,563,1
1971,563,1
1972,563,1
1973,563,1
1974,563,1
1975,563,1
1976,563,1
1977,563,1
1978,563,1
1979,563,1
1980,563,1
1981,563,1
1982,563,1
1983,563,1
1984,563,1
1985,563,1
1986,0,0
1987,0,0
1988,0,0
1989,0,0
1990,0,0
1991,0,0
1992,0,0
1993,0,0
1994,0,0
1995,0,0
1996,0,0
1997,0,0
1998,0,0
1999,0,0
2000,0,0
2001,0,0
2002,0,0
2003,0,0
2004,0,0
2005,0,0
2006,0,0
2007,0,0
2008,0,0
2009,0,0
2010,0,0
2011,0,0
2012,0,0
2013,0,0
2014,0,0
2015,0,0
2016,0,0
2017,0,0
2018,0,0
2019,0,0
2020,0,0
2021,0,0
2022,0,0
2023,0,0
2024,0,0
2025,0,0
2026,0,0
2027,0,0
2028,0,0
2029,0,0
2030,0,0
2031,0,0
2032,0,0
2033,0,0
2034,0,0
2035,0,0
2036,0,0
2037,0,0
2038,0,0
2039,0,0
2040,0,0
2041,0,0
2042,0,0
2043,0,0
2044,0,0
2045,0,0
2046,0,0
2047,0,0
2048,0,0
2049,0,0
2050,0,0
2051,0,0
2052,0,0
2053,0,0
2054,0,0
2055,0,0
2056,0,0
2057,0,0
2058,0,0
2059,0,0
2060,0,0
2061,0,0
2062,0,0
2063,0,0
2064,0,0
2065,0,0
2066,0,0
2067,0,0
2068,0,0
2069,0,0
2070,0,0
2071,0,0
2072,0,0
2073,0,0
2074,0,0
2075,0,0
2076,0,0
2077,0,0
2078,0,0
2079,0,0
2080,0,0
2081,0,0
2082,0,0
2083,0,0
2084,0,0
2085,0,0
2086,0,0
2087,0,0
2088,0,0
2089,0,0
2090,0,0
2091,0,0
2092,0,0
2093,0,0
2094,0,0
2095,0,0
2096,0,0
2097,0,0
2098,0,0
2099,0,0
2100,0,0
2101,0,0
2102,0,0
2103,0,0
2104,0,0
2105,0,0
2106,0,0
2107,0,0
2108,0,0
2109,0,0
2110,0,0
2111,0,0
2112,0,0
2113,0,0
2114,0,0
2115,0,0
2116,0,0
2117,0,0
2118,0,0
2119,0,0
2120,0,0
2121,0,0
2122,0,0
2123,0,0
2124,0,0
2125,0,0
2126,0,0
2127,0,0
2128,0,0
2129,0,0
2130,0,0
2131,0,0
2132,0,0
2133,0,0
2134,0,0
2135,0,0
2136,0,0
2137,0,0
2138,0,0
2139,0,0
2140,0,0
2141,0,0
2142,0,0
2143,0,0
2144,0,0
2145,0,0
2146,0,0
2147,0,0
2148,0,0
2149,0,0
2150,0,0
2151,0,0
2152,0,0
2153,0,0
2154,0,0
2155,0,0
2156,0,0
2157,0,0
2158,0,0
2159,0,0
2160,0,0
2161,0,0
2162,0,0
2163,0,0
2164,0,0
2165,0,0
2166,0,0
2167,0,0
2168,0,0
2169,0,0
2170,0,0
2171,0,0
2172,0,0
2173,0,0
2174,0,0
2175,0,0
2176,0,0
2177,0,0
2178,0,0
2179,0,0
2180,0,0
2181,0,0
2182,0,0
2183,0,0
2184,0,0
2185,0,0
2186,0,0
2187,0,0
2188,0,0
2189,0,0
2190,0,0
2191,0,0
2192,0,0
2193,0,0
2194,0,0
2195,0,0
2196,0,0
2197,0,0
2198,0,0
2199,0,0
2200,0,0
2201,0,0
2202,0,0
2203,0,0
2204,0,0
2205,0,0
2206,0,0
2207,0,0
2208,0,0
2209,0,0
2210,0,0
2211,0,0
2212,0,0
2213,0,0
2214,0,0
2215,0,0
2216,0,0
2217,0,0
2218,0,0
2219,0,0
2220,0,0
2221,0,0
2222,0,0
2223,0,0
2224,0,0
2225,0,0
2226,0,0
2227,0,0
2228,0,0
2229,0,0
2230,0,0
2231,0,0
2232,0,0
2233,0,0
2234,0,0
2235,0,0
2236,0,0
2237,0,0
2238,0,0
2239,0,0
2240,0,0
2241,0,0
2242,0,0
2243,0,0
2244,0,0
2245,0,0
2246,0,0
2247,0,0
2248,0,0
2249,0,0
2250,0,0
2251,0,0
2252,0,0
2253,0,0
2254,0,0
2255,0,0
2256,0,0
2257,0,0
2258,0,0
2259,0,0
2260,0,0
2261,0,0
2262,0,0
2263,0,0
2264,0,0
2265,0,0
2266,0,0
2267,0,0
2268,0,0
2269,0,0
2270,0,0
2271,0,0
2272,0,0
2273,0,0
2274,0,0
2275,0,0
2276,0,0
2277,0,0
2278,0,0
2279,0,0
2280,0,0
2281,0,0
2282,0,0
2283,0,0
2284,0,0
2285,0,0
2286,0,0
2287,0,0
2288,0,0
2289,0,0
2290,0,0
2291,0,0
2292,0,0
2293,0,0
2294,0,0
2295,0,0
2296,0,0
2297,0,0
2298,0,0
2299,0,0
2300,0,0
2301,0,0
2302,0,0
2303,0,0
2304,0,0
2305,0,0
2306,0,0
2307,0,0
2308,0,0
2309,0,0
2310,0,0
2311,0,0
2312,0,0
2313,0,0
2314,0,0
2315,0,0
2316,0,0
2317,0,0
2318,0,0
2319,0,0
2320,0,0
2321,0,0
2322,0,0
2323,0,0
2324,0,0
2325,0,0
2326,0,0
2327,0,0
2328,0,0
2329,0,0
2330,0,0
2331,0,0
2332,0,0
2333,0,0
2334,0,0
2335,0,0
2336,0,0
2337,0,0
2338,0,0
2339,0,0
2340,0,0
2341,0,0
2342,0,0
2343,0,0
2344,0,0
2345,0,0
2346,0,0
2347,0,0
2348,0,0
2349,0,0
2350,0,0
2351,0,0
2352,0,0
2353,0,0
2354,0,0
2355,0,0
2356,0,0
2357,0,0
2358,0,0
2359,0,0
2360,0,0
2361,0,0
2362,0,0
2363,0,0
2364,0,0
2365,0,0
2366,0,0
2367,0,0
2368,0,0
2369,0,0
2370,0,0
2371,0,0
2372,0,0
2373,0,0
2374,0,0
2375,0,0
2376,0,0
2377,0,0
2378,0,0
2379,0,0
2380,0,0
2381,0,0
2382,0,0
2383,0,0
2384,0,0
2385,0,0
2386,0,0
2387,0,0
2388,0,0
2389,0,0
2390,0,0
2391,0,0
2392,0,0
2393,0,0
2394,0,0
2395,0,0
2396,0,0
2397,0,0
2398,0,0
2399,0,0
2400,0,0
2401,0,0
2402,0,0
2403,0,0
2404,0,0
2405,0,0
2406,0,0
2407,0,0
2408,0,0
2409,0,0
2410,0,0
2411,0,0
2412,0,0
2413,0,0
2414,0,0
2415,0,0
2416,0,0
2417,0,0
2418,0,0
2419,0,0
2420,0,0
2421,0,0
2422,0,0
2423,0,0
2424,0,0
2425,0,0
2426,0,0
2427,0,0
2428,0,0
2429,0,0
2430,0,0
2431,0,0
2432,0,0
2433,0,0
2434,0,0
2435,0,0
2436,0,0
2437,0,0
2438,0,0
2439,0,0
2440,0,0
2441,0,0
2442,0,0
2443,0,0
2444,0,0
2445,0,0
2446,0,0
2447,0,0
2448,0,0
2449,0,0
2450,0,0
2451,0,0
2452,0,0
2453,0,0
2454,0,0
2455,0,0
2456,0,0
2457,0,0
2458,0,0
2459,0,0
2460,0,0
2461,0,0
2462,0,0
2463,0,0
2464,0,0
2465,0,0
2466,0,0
2467,0,0
2468,0,0
2469,0,0
2470,0,0
2471,0,0
2472,0,0
2473,0,0
2474,0,0
2475,0,0
2476,0,0
2477,0,0
2478,0,0
2479,0,0
2480,0,0
2481,0,0
2482,0,0
2483,0,0
2484,0,0
2485,0,0
2486,0,0
2487,0,0
2488,0,0
2489,0,0
2490,0,0
2491,0,0
2492,0,0
2493,0,0
2494,0,0
2495,0,0
2496,0,0
2497,0,0
2498,0,0
2499,0,0
2500,0,0
2501,0,0
2502,0,0
2503,0,0
2504,0,0
2505,0,0
2506,0,0
2507,0,0
2508,0,0
2509,0,0
2510,0,0
2511,0,0
2512,0,0
2513,0,0
2514,0,0
2515,0,0
2516,0,0
2517,0,0
2518,0,0
2519,0,0
2520,0,0
2521,0,0
2522,0,0
2523,0,0
2524,0,0
2525,0,0
2526,0,0
2527,0,0
2528,0,0
2529,0,0
2530,0,0
2531,0,0
2532,0,0
2533,0,0
2534,0,0
2535,0,0
2536,0,0
2537,0,0
2538,0,0
2539,0,0
2540,0,0
2541,0,0
2542,0,0
2543,0,0
2544,0,0
2545,0,0
2546,0,0
2547,0,0
2548,0,0
2549,0,0
2550,0,0
2551,0,0
2552,0,0
2553,0,0
2554,0,0
2555,0,0
2556,0,0
2557,0,0
2558,0,0
2559,0,0
2560,0,0
2561,0,0
2562,0,0
2563,0,0
2564,0,0
2565,0,0
2566,0,0
2567,0,0
2568,0,0
2569,0,0
2570,0,0
2571,0,0
2572,0,0
2573,0,0
2574,0,0
2575,0,0
2576,0,0
2577,0,0
2578,0,0
2579,0,0
2580,0,0
2581,0,0
2582,0,0
2583,0,0
2584,0,0
2585,0,0
2586,0,0
2587,0,0
2588,0,0
2589,0,0
2590,0,0
2591,0,0
2592,0,0
2593,0,0
2594,0,0
2595,0,0
2596,0,0
2597,0,0
2598,0,0
2599,0,0
2600,0,0
2601,0,0
2602,0,0
2603,0,0
2604,0,0
2605,553,1
2606,553,1
2607,558,1
2608,559,1
2609,559,1
2610,559,1
2611,560,1
2612,561,1
2613,561,1
2614,561,1
2615,561,1
2616,561,1
2617,561,1
2618,561,1
2619,561,1
2620,561,1
2621,561,1
2622,561,1
2623,561,1
2624,561,1
2625,561,1
2626,561,1
2627,561,1
2628,561,1
2629,561,1
2630,561,1
2631,561,1
2632,561,1
2633,561,1
2634,561,1
2635,561,1
2636,561,1
2637,561,1
2638,560,1
2639,560,1
2640,560,1
2641,560,1
2642,560,1
2643,560,1
2644,561,1
2645,561,1
2646,561,1
2647,561,1
2648,561,1
2649,561,1
2650,561,1
2651,561,1
2652,561,1
2653,561,1
2654,562,1
2655,562,1
2656,562,1
2657,562,1
2658,562,1
2659,562,1
2660,562,1
2661,560,1
2662,561,1
2663,561,1
2664,561,1
2665,560,1
2666,560,1
2667,561,1
2668,562,1
2669,562,1
2670,562,1
2671,561,1
2672,560,1
2673,561,1
2674,561,1
2675,563,1
2676,563,1
2677,563,1
2678,563,1
2679,563,1
2680,563,1
2681,563,1
2682,563,1
2683,563,1
2684,563,1
2685,0,0
2686,0,0
2687,0,0
2688,0,0
2689,0,0
2690,0,0
2691,0,0
2692,0,0
2693,0,0
2694,0,0
2695,0,0
2696,0,0
2697,0,0
2698,0,0
2699,0,0
2700,0,0
2701,0,0
2702,0,0
2703,0,0
2704,0,0
2705,0,0
2706,0,0
2707,0,0
2708,0,0
2709,0,0
2710,0,0
2711,0,0
2712,0,0
2713,0,0
2714,0,0
2715,0,0
2716,0,0
2717,0,0
2718,0,0
2719,0,0
2720,0,0
2721,0,0
2722,0,0
2723,0,0
2724,0,0
2725,0,0
2726,0,0
2727,0,0
2728,0,0
2729,0,0
2730,0,0
2731,0,0
2732,0,0
2733,0,0
2734,0,0
2735,0,0
2736,0,0
2737,0,0
2738,0,0
2739,0,0
2740,0,0
2741,0,0
2742,0,0
2743,0,0
2744,0,0
2745,0,0
2746,0,0
2747,0,0
2748,0,0
2749,0,0
2750,0,0
2751,0,0
2752,0,0
2753,0,0
2754,0,0
2755,0,0
2756,0,0
2757,0,0
2758,0,0
2759,0,0
2760,0,0
2761,0,0
2762,0,0
2763,0,0
2764,0,0
2765,0,0
2766,0,0
2767,0,0
2768,0,0
2769,0,0
2770,0,0
2771,0,0
2772,0,0
2773,0,0
2774,0,0
2775,0,0
2776,0,0
2777,0,0
2778,0,0
2779,0,0
2780,0,0
2781,0,0
2782,0,0
2783,0,0
2784,0,0
2785,0,0
2786,0,0
2787,0,0
2788,0,0
2789,0,0
2790,0,0
2791,0,0
2792,0,0
2793,0,0
2794,0,0
2795,0,0
2796,0,0
2797,0,0
2798,0,0
2799,0,0
2800,0,0
2801,0,0
2802,0,0
2803,0,0
2804,0,0
2805,0,0
2806,0,0
2807,0,0
2808,0,0
2809,0,0
2810,0,0
2811,0,0
2812,0,0
2813,0,0
2814,0,0
2815,0,0
2816,0,0
2817,0,0
2818,0,0
2819,0,0
2820,0,0
2821,0,0
2822,0,0
2823,0,0
2824,0,0
2825,0,0
2826,0,0
2827,0,0
2828,0,0
2829,0,0
2830,0,0
2831,0,0
2832,0,0
2833,0,0
2834,0,0
2835,0,0
2836,0,0
2837,0,0
2838,0,0
2839,0,0
2840,0,0
2841,0,0
2842,0,0
2843,0,0
2844,0,0
2845,0,0
2846,0,0
2847,0,0
2848,0,0
2849,0,0
2850,0,0
2851,0,0
2852,0,0
2853,0,0
2854,0,0
2855,0,0
2856,0,0
2857,0,0
2858,0,0
2859,0,0
2860,0,0
2861,0,0
2862,0,0
2863,0,0
2864,0,0
2865,0,0
2866,0,0
2867,0,0
2868,0,0
2869,0,0
2870,0,0
2871,0,0
2872,0,0
2873,0,0
2874,0,0
2875,0,0
2876,0,0
2877,0,0
2878,0,0
2879,0,0
2880,0,0
2881,0,0
2882,0,0
2883,0,0
2884,0,0
2885,0,0
2886,0,0
2887,0,0
2888,0,0
2889,0,0
2890,0,0
2891,0,0
2892,0,0
2893,0,0
2894,0,0
2895,0,0
2896,0,0
2897,0,0
2898,0,0
2899,0,0
2900,0,0
2901,0,0
2902,0,0
2903,0,0
2904,0,0
2905,0,0
2906,0,0
2907,0,0
2908,0,0
2909,0,0
2910,0,0
2911,0,0
2912,0,0
2913,0,0
2914,0,0
2915,0,0
2916,0,0
2917,0,0
2918,0,0
2919,0,0
2920,0,0
2921,0,0
2922,0,0
2923,0,0
2924,0,0
2925,0,0
2926,0,0
2927,0,0
2928,0,0
2929,0,0
2930,0,0
2931,0,0
2932,0,0
2933,0,0
2934,0,0
2935,0,0
2936,0,0
2937,0,0
2938,0,0
2939,0,0
2940,0,0
2941,0,0
2942,0,0
2943,0,0
2944,0,0
2945,0,0
2946,0,0
2947,0,0
2948,0,0
2949,0,0
2950,0,0
2951,0,0
2952,0,0
2953,0,0
2954,0,0
2955,0,0
2956,0,0
2957,0,0
2958,0,0
2959,0,0
2960,0,0
2961,0,0
2962,0,0
2963,0,0
2964,0,0
2965,0,0
2966,0,0
2967,0,0
2968,0,0
2969,0,0
2970,0,0
2971,0,0
2972,0,0
2973,0,0
2974,0,0
2975,0,0
2976,0,0
2977,0,0
2978,0,0
2979,0,0
2980,0,0
2981,0,0
2982,0,0
2983,0,0
2984,0,0
2985,0,0
2986,0,0
2987,0,0
2988,0,0
2989,0,0
2990,0,0
2991,0,0
2992,0,0
2993,0,0
2994,0,0
2995,0,0
2996,0,0
2997,0,0
2998,0,0
2999,0,0
3000,0,0
3001,0,0
3002,0,0
3003,0,0
3004,0,0
3005,0,0
3006,0,0
3007,0,0
3008,0,0
3009,0,0
3010,0,0
3011,0,0
3012,0,0
3013,0,0
3014,0,0
3015,0,0
3016,0,0
3017,0,0
3018,0,0
3019,0,0
3020,0,0
3021,0,0
3022,0,0
3023,0,0
3024,0,0
3025,0,0
3026,0,0
3027,0,0
3028,0,0
3029,0,0
3030,0,0
3031,0,0
3032,0,0
3033,0,0
3034,0,0
3035,0,0
3036,0,0
3037,0,0
3038,0,0
3039,0,0
3040,0,0
3041,0,0
3042,0,0
3043,0,0
3044,0,0
3045,0,0
3046,0,0
3047,0,0
3048,0,0
3049,0,0
3050,0,0
3051,0,0
3052,0,0
3053,0,0
3054,0,0
3055,0,0
3056,0,0
3057,0,0
3058,0,0
3059,0,0
3060,0,0
3061,0,0
3062,0,0
3063,0,0
3064,0,0
3065,0,0
3066,0,0
3067,0,0
3068,0,0
3069,0,0
3070,0,0
3071,0,0
3072,0,0
3073,0,0
3074,0,0
3075,0,0
3076,0,0
3077,0,0
3078,0,0
3079,0,0
3080,0,0
3081,0,0
3082,0,0
3083,0,0
3084,0,0
3085,0,0
3086,0,0
3087,0,0
3088,0,0
3089,0,0
3090,0,0
3091,0,0
3092,0,0
3093,0,0
3094,0,0
3095,0,0
3096,0,0
3097,0,0
3098,0,0
3099,0,0
3100,0,0
3101,0,0
3102,0,0
3103,0,0
3104,0,0
3105,0,0
3106,0,0
3107,0,0
3108,0,0
3109,0,0
3110,0,0
3111,0,0
3112,0,0
3113,0,0
3114,0,0
3115,0,0
3116,0,0
3117,0,0
3118,0,0
3119,0,0
3120,0,0
3121,0,0
3122,0,0
3123,0,0
3124,0,0
3125,0,0
3126,0,0
3127,0,0
3128,0,0
3129,0,0
3130,0,0
3131,0,0
3132,0,0
3133,0,0
3134,0,0
3135,0,0
3136,0,0
3137,0,0
3138,0,0
3139,0,0
3140,0,0
3141,0,0
3142,0,0
3143,0,0
3144,0,0
3145,0,0
3146,0,0
3147,0,0
3148,0,0
3149,0,0
3150,0,0
3151,0,0
3152,0,0
3153,0,0
3154,0,0
3155,0,0
3156,0,0
3157,0,0
3158,0,0
3159,0,0
3160,0,0
3161,0,0
3162,0,0
3163,0,0
3164,0,0
3165,0,0
3166,0,0
3167,0,0
3168,0,0
3169,0,0
3170,0,0
3171,0,0
3172,0,0
3173,0,0
3174,0,0
3175,0,0
3176,0,0
3177,0,0
3178,0,0
3179,0,0
3180,0,0
3181,0,0
3182,0,0
3183,0,0
3184,0,0
3185,0,0
3186,0,0
3187,0,0
3188,0,0
3189,0,0
3190,0,0
3191,0,0
3192,0,0
3193,0,0
3194,0,0
3195,0,0
3196,0,0
3197,0,0
3198,0,0
3199,0,0
3200,0,0
3201,0,0
3202,0,0
3203,0,0
3204,0,0
3205,0,0
3206,0,0
3207,0,0
3208,0,0
3209,0,0
3210,0,0
3211,0,0
3212,0,0
3213,0,0
3214,0,0
3215,0,0
3216,0,0
3217,0,0
3218,0,0
3219,563,1
3220,563,1
3221,563,1
3222,563,1
3223,563,1
3224,563,1
3225,563,1
3226,563,1
3227,563,1
3228,563,1
3229,563,1
3230,563,1
3231,563,1
3232,563,1
3233,563,1
3234,563,1
3235,563,1
3236,563,1
3237,563,1
3238,563,1
3239,563,1
3240,563,1
3241,563,1
3242,563,1
3243,563,1
3244,563,1
3245,563,1
3246,563,1
3247,563,1
3248,563,1
3249,563,1
3250,563,1
3251,563,1
3252,563,1
3253,563,1
3254,563,1
3255,563,1
3256,563,1
3257,563,1
3258,563,1
3259,563,1
3260,563,1
3261,563,1
3262,563,1
3263,563,1
3264,563,1
3265,563,1
3266,563,1
3267,563,1
3268,563,1
3269,563,1
3270,563,1
3271,563,1
3272,563,1
3273,563,1
3274,563,1
3275,563,1
3276,563,1
3277,563,1
3278,563,1
3279,563,1
3280,563,1
3281,563,1
3282,563,1
3283,563,1
3284,563,1
3285,563,1
3286,563,1
3287,563,1
3288,563,1
3289,563,1
3290,563,1
3291,563,1
3292,563,1
3293,563,1
3294,563,1
3295,563,1
3296,563,1
3297,563,1
3298,563,1
3299,563,1
3300,563,1
3301,563,1
3302,563,1
3303,563,1
3304,563,1
3305,563,1
3306,563,1
3307,563,1
3308,563,1
3309,563,1
3310,563,1
3311,563,1
3312,563,1
3313,563,1
3314,563,1
3315,563,1
3316,563,1
3317,563,1
3318,563,1
3319,563,1
3320,563,1
3321,563,1
3322,563,1
3323,563,1
3324,563,1
3325,563,1
3326,563,1
3327,563,1
3328,563,1
3329,563,1
3330,563,1
3331,563,1
3332,563,1
3333,563,1
3334,563,1
3335,563,1
3336,563,1
3337,563,1
3338,563,1
3339,563,1
3340,563,1
3341,563,1
3342,563,1
3343,563,1
3344,563,1
3345,563,1
3346,563,1
3347,563,1
3348,563,1
3349,563,1
3350,563,1
3351,563,1
3352,563,1
3353,563,1
3354,563,1
3355,563,1
3356,563,1
3357,563,1
3358,563,1
3359,563,1
3360,563,1
3361,563,1
3362,563,1
3363,563,1
3364,563,1
3365,563,1
3366,563,1
3367,563,1
3368,563,1
3369,563,1
3370,563,1
3371,563,1
3372,563,1
3373,563,1
3374,563,1
3375,563,1
3376,563,1
3377,563,1
3378,563,1
3379,563,1
3380,563,1
3381,563,1
3382,563,1
3383,563,1
3384,563,1
3385,563,1
3386,563,1
3387,563,1
3388,563,1
3389,563,1
3390,563,1
3391,563,1
3392,563,1
3393,563,1
3394,563,1
3395,563,1
3396,563,1
3397,563,1
3398,563,1
3399,563,1
3400,563,1
3401,563,1
3402,563,1
3403,563,1
3404,563,1
3405,563,1
3406,563,1
3407,563,1
3408,563,1
3409,563,1
3410,563,1
3411,563,1
3412,563,1
3413,563,1
3414,563,1
3415,563,1
3416,563,1
3417,563,1
3418,563,1
3419,563,1
3420,563,1
3421,563,1
3422,563,1
3423,563,1
3424,563,1
3425,563,1
3426,563,1
3427,563,1
3428,563,1
3429,0,0
3430,0,0
3431,0,0
3432,0,0
3433,0,0
3434,0,0
3435,0,0
3436,0,0
3437,0,0
3438,0,0
3439,0,0
3440,0,0
3441,0,0
3442,0,0
3443,0,0
3444,0,0
3445,0,0
3446,0,0
3447,0,0
3448,0,0
3449,0,0
3450,0,0
3451,0,0
3452,0,0
3453,0,0
3454,0,0
3455,0,0
3456,0,0
3457,0,0
3458,0,0
3459,0,0
3460,0,0
3461,0,0
3462,0,0
3463,0,0
3464,0,0
3465,0,0
3466,0,0
3467,0,0
3468,0,0
3469,0,0
3470,0,0
3471,0,0
3472,0,0
3473,0,0
3474,0,0
3475,0,0
3476,0,0
3477,0,0
3478,0,0
3479,0,0
3480,0,0
3481,0,0
3482,0,0
3483,0,0
3484,0,0
3485,0,0
3486,0,0
3487,0,0
3488,0,0
3489,0,0
3490,0,0
3491,0,0
3492,0,0
3493,0,0
3494,0,0
3495,0,0
3496,0,0
3497,0,0
3498,0,0
3499,0,0
3500,0,0
3501,0,0
3502,0,0
3503,0,0
3504,0,0
3505,0,0
3506,0,0
3507,0,0
3508,0,0
3509,0,0
3510,0,0
3511,0,0
3512,0,0
3513,0,0
3514,0,0
3515,0,0
3516,0,0
3517,0,0
3518,0,0
3519,0,0
3520,0,0
3521,0,0
3522,0,0
3523,0,0
3524,0,0
3525,0,0
3526,0,0
3527,0,0
3528,0,0
3529,0,0
3530,0,0
3531,0,0
3532,0,0
3533,0,0
3534,0,0
3535,0,0
3536,0,0
3537,0,0
3538,0,0
3539,0,0
3540,0,0
3541,0,0
3542,0,0
3543,0,0
3544,0,0
3545,0,0
3546,0,0
3547,0,0
3548,0,0
3549,0,0
3550,0,0
3551,0,0
3552,0,0
3553,0,0
3554,0,0
3555,0,0
3556,0,0
3557,0,0
3558,0,0
3559,0,0
3560,0,0
3561,0,0
3562,0,0
3563,0,0
3564,0,0
3565,0,0
3566,0,0
3567,0,0
3568,0,0
3569,0,0
3570,0,0
3571,0,0
3572,0,0
3573,0,0
3574,0,0
3575,0,0
3576,0,0
3577,0,0
3578,0,0
3579,0,0
3580,0,0
3581,0,0
3582,0,0
3583,0,0
3584,0,0
3585,0,0
3586,0,0
3587,0,0
3588,0,0
3589,0,0
3590,0,0
3591,0,0
3592,0,0
3593,0,0
3594,0,0
3595,0,0
3596,0,0
3597,0,0
3598,0,0
3599,0,0
3600,0,0
3601,0,0
3602,0,0
3603,0,0
3604,0,0
3605,0,0
3606,0,0
3607,0,0
3608,0,0
3609,0,0
3610,0,0
3611,0,0
3612,0,0
3613,0,0
3614,0,0
3615,0,0
3616,0,0
3617,0,0
3618,0,0
3619,0,0
3620,0,0
3621,0,0
3622,0,0
3623,0,0
3624,0,0
3625,0,0
3626,0,0
3627,0,0
3628,0,0
3629,0,0
3630,0,0
3631,0,0
3632,0,0
3633,0,0
3634,0,0
3635,0,0
3636,0,0
3637,0,0
3638,0,0
3639,0,0
3640,0,0
3641,0,0
3642,0,0
3643,0,0
3644,0,0
3645,0,0
3646,0,0
3647,0,0
3648,0,0
3649,0,0
3650,0,0
3651,0,0
3652,0,0
3653,0,0
3654,0,0
3655,0,0
3656,0,0
3657,0,0
3658,0,0
3659,0,0
3660,0,0
3661,0,0
3662,0,0
3663,0,0
3664,0,0
3665,0,0
3666,0,0
3667,0,0
3668,0,0
3669,0,0
3670,0,0
3671,0,0
3672,0,0
3673,0,0
3674,0,0
3675,0,0
3676,0,0
3677,0,0
3678,0,0
3679,0,0
3680,0,0
3681,0,0
3682,0,0
3683,0,0
3684,0,0
3685,0,0
3686,0,0
3687,0,0
3688,0,0
3689,0,0
3690,0,0
3691,0,0
3692,0,0
3693,0,0
3694,0,0
3695,0,0
3696,0,0
3697,0,0
3698,0,0
3699,0,0
3700,0,0
3701,0,0
3702,0,0
3703,0,0
3704,0,0
3705,0,0
3706,0,0
3707,0,0
3708,0,0
3709,0,0
3710,0,0
3711,0,0
3712,0,0
3713,0,0
3714,0,0
3715,0,0
3716,0,0
3717,0,0
3718,0,0
3719,0,0
3720,0,0
3721,0,0
3722,0,0
3723,0,0
3724,0,0
3725,0,0
3726,0,0
3727,0,0
3728,0,0
3729,0,0
3730,0,0
3731,0,0
3732,0,0
3733,0,0
3734,0,0
3735,0,0
3736,0,0
3737,0,0
3738,0,0
3739,0,0
3740,0,0
3741,0,0
3742,0,0
3743,0,0
3744,0,0
3745,0,0
3746,0,0
3747,0,0
3748,0,0
3749,0,0
3750,0,0
3751,0,0
3752,0,0
3753,0,0
3754,0,0
3755,0,0
3756,0,0
3757,0,0
3758,0,0
3759,0,0
3760,0,0
3761,0,0
3762,0,0
3763,0,0
3764,0,0
3765,0,0
3766,0,0
3767,0,0
3768,0,0
3769,0,0
3770,0,0
3771,0,0
3772,0,0
3773,0,0
3774,0,0
3775,0,0
3776,0,0
3777,0,0
3778,0,0
3779,0,0
3780,0,0
3781,0,0
3782,0,0
3783,0,0
3784,0,0
3785,0,0
3786,0,0
3787,0,0
3788,0,0
3789,0,0
3790,0,0
3791,0,0
3792,0,0
3793,0,0
3794,0,0
3795,0,0
3796,0,0
3797,0,0
3798,0,0
3799,0,0
3800,0,0
3801,0,0
3802,0,0
3803,0,0
3804,0,0
3805,0,0
3806,0,0
3807,0,0
3808,0,0
3809,0,0
3810,0,0
3811,0,0
3812,0,0
3813,0,0
3814,0,0
3815,0,0
3816,0,0
3817,0,0
3818,0,0
3819,0,0
3820,0,0
3821,0,0
3822,0,0
3823,0,0
3824,0,0
3825,0,0
3826,0,0
3827,0,0
3828,0,0
3829,0,0
3830,0,0
3831,0,0
3832,0,0
3833,0,0
3834,0,0
3835,0,0
3836,0,0
3837,0,0
3838,0,0
3839,0,0
3840,0,0
3841,0,0
3842,0,0
3843,0,0
3844,0,0
3845,0,0
3846,0,0
3847,0,0
3848,0,0
3849,0,0
3850,0,0
3851,0,0
3852,0,0
3853,0,0
3854,0,0
3855,0,0
3856,0,0
3857,0,0
3858,0,0
3859,0,0
3860,0,0
3861,0,0
3862,0,0
3863,0,0
3864,0,0
3865,0,0
3866,0,0
3867,0,0
3868,0,0
3869,0,0
3870,0,0
3871,0,0
3872,0,0
3873,0,0
3874,0,0
3875,0,0
3876,0,0
3877,0,0
3878,0,0
3879,0,0
3880,0,0
3881,0,0
3882,0,0
3883,0,0
3884,0,0
3885,0,0
3886,0,0
3887,0,0
3888,0,0
3889,0,0
3890,0,0
3891,0,0
3892,0,0
3893,0,0
3894,0,0
3895,0,0
3896,0,0
3897,0,0
3898,0,0
3899,0,0
3900,0,0
3901,0,0
3902,0,0
3903,0,0
3904,0,0
3905,0,0
3906,0,0
3907,0,0
3908,0,0
3909,0,0
3910,0,0
3911,0,0
3912,0,0
3913,0,0
3914,0,0
3915,0,0
3916,0,0
3917,0,0
3918,0,0
3919,0,0
3920,0,0
3921,0,0
3922,0,0
3923,0,0
3924,0,0
3925,0,0
3926,0,0
3927,0,0
3928,0,0
3929,0,0
3930,0,0
3931,0,0
3932,0,0
3933,0,0
3934,0,0
3935,0,0
3936,0,0
3937,0,0
3938,563,1
3939,563,1
3940,563,1
3941,563,1
3942,563,1
3943,563,1
3944,563,1
3945,563,1
3946,563,1
3947,563,1
3948,563,1
3949,563,1
3950,563,1
3951,563,1
3952,563,1
3953,563,1
3954,563,1
3955,563,1
3956,563,1
3957,563,1
3958,563,1
3959,563,1
3960,563,1
3961,563,1
3962,563,1
3963,563,1
3964,563,1
3965,563,1
3966,563,1
3967,563,1
3968,563,1
3969,563,1
3970,563,1
3971,563,1
3972,563,1
3973,563,1
3974,563,1
3975,563,1
3976,563,1
3977,563,1
3978,563,1
3979,563,1
3980,563,1
3981,563,1
3982,563,1
3983,563,1
3984,563,1
3985,563,1
3986,563,1
3987,563,1
3988,563,1
3989,563,1
3990,563,1
3991,563,1
3992,563,1
3993,563,1
3994,563,1
3995,563,1
3996,563,1
3997,563,1
3998,563,1
3999,563,1
4000,563,1
4001,563,1
4002,563,1
4003,563,1
4004,563,1
4005,563,1
4006,563,1
4007,563,1
4008,563,1
4009,563,1
4010,563,1
4011,563,1
4012,563,1
4013,563,1
4014,563,1
4015,563,1
4016,563,1
4017,563,1
4018,0,0
4019,0,0
4020,0,0
4021,0,0
4022,0,0
4023,0,0
4024,0,0
4025,0,0
4026,0,0
4027,0,0
4028,0,0
4029,0,0
4030,0,0
4031,0,0
4032,0,0
4033,0,0
4034,0,0
4035,0,0
4036,0,0
4037,0,0
4038,0,0
4039,0,0
4040,0,0
4041,0,0
4042,0,0
4043,0,0
4044,0,0
4045,0,0
4046,0,0
4047,0,0
4048,0,0
4049,0,0
4050,0,0
4051,0,0
4052,0,0
4053,0,0
4054,0,0
4055,0,0
4056,0,0
4057,0,0
4058,0,0
4059,0,0
4060,0,0
4061,0,0
4062,0,0
4063,0,0
4064,0,0
4065,0,0
4066,0,0
4067,0,0
4068,0,0
4069,0,0
4070,0,0
4071,0,0
4072,0,0
4073,0,0
4074,0,0
4075,0,0
4076,0,0
4077,0,0
4078,0,0
4079,0,0
4080,0,0
4081,0,0
4082,0,0
4083,0,0
4084,0,0
4085,0,0
4086,0,0
4087,0,0
4088,0,0
4089,0,0
4090,0,0
4091,0,0
4092,0,0
4093,0,0
4094,0,0
4095,0,0
4096,0,0
4097,0,0
4098,0,0
4099,0,0
4100,0,0
4101,0,0
4102,0,0
4103,0,0
4104,0,0
4105,0,0
4106,0,0
4107,0,0
4108,0,0
4109,0,0
4110,0,0
4111,0,0
4112,0,0
4113,0,0
4114,0,0
4115,0,0
4116,0,0
4117,0,0
4118,0,0
4119,0,0
4120,0,0
4121,0,0
4122,0,0
4123,0,0
4124,0,0
4125,0,0
4126,0,0
4127,0,0
4128,0,0
4129,0,0
4130,0,0
4131,0,0
4132,0,0
4133,0,0
4134,0,0
4135,0,0
4136,0,0
4137,0,0
4138,0,0
4139,0,0
4140,0,0
4141,0,0
4142,0,0
4143,0,0
4144,0,0
4145,0,0
4146,0,0
4147,0,0
4148,0,0
4149,0,0
4150,0,0
4151,0,0
4152,0,0
4153,0,0
4154,0,0
4155,0,0
4156,0,0
4157,0,0
4158,0,0
4159,0,0
4160,0,0
4161,0,0
4162,0,0
4163,0,0
4164,0,0
4165,0,0
4166,0,0
4167,0,0
4168,0,0
4169,0,0
4170,0,0
4171,0,0
4172,0,0
4173,0,0
4174,0,0
4175,0,0
4176,0,0
4177,0,0
4178,0,0
4179,0,0
4180,0,0
4181,0,0
4182,0,0
4183,0,0
4184,0,0
4185,0,0
4186,0,0
4187,0,0
4188,0,0
4189,0,0
4190,0,0
4191,0,0
4192,0,0
4193,0,0
4194,0,0
4195,0,0
4196,0,0
4197,0,0
4198,0,0
4199,0,0
4200,0,0
4201,0,0
4202,0,0
4203,0,0
4204,0,0
4205,0,0
4206,0,0
4207,0,0
4208,0,0
4209,0,0
4210,0,0
4211,0,0
4212,0,0
4213,0,0
4214,0,0
4215,0,0
4216,0,0
4217,0,0
4218,0,0
4219,0,0
4220,0,0
4221,0,0
4222,0,0
4223,0,0
4224,0,0
4225,0,0
4226,0,0
4227,0,0
4228,0,0
4229,0,0
4230,0,0
4231,0,0
4232,0,0
4233,0,0
4234,0,0
4235,0,0
4236,0,0
4237,0,0
4238,0,0
4239,0,0
4240,0,0
4241,0,0
4242,0,0
4243,0,0
4244,0,0
4245,0,0
4246,0,0
4247,0,0
4248,0,0
4249,0,0
4250,0,0
4251,0,0
4252,0,0
4253,0,0
4254,0,0
4255,0,0
4256,0,0
4257,0,0
4258,0,0
4259,0,0
4260,0,0
4261,0,0
4262,0,0
4263,0,0
4264,0,0
4265,0,0
4266,0,0
4267,0,0
4268,0,0
4269,0,0
4270,0,0
4271,0,0
4272,0,0
4273,0,0
4274,0,0
4275,0,0
4276,0,0
4277,0,0
4278,0,0
4279,0,0
4280,0,0
4281,0,0
4282,0,0
4283,0,0
4284,0,0
4285,0,0
4286,0,0
4287,0,0
4288,0,0
4289,0,0
4290,0,0
4291,0,0
4292,0,0
4293,0,0
4294,0,0
4295,0,0
4296,0,0
4297,0,0
4298,0,0
4299,0,0
4300,0,0
4301,0,0
4302,0,0
4303,0,0
4304,0,0
4305,0,0
4306,0,0
4307,0,0
4308,0,0
4309,0,0
4310,0,0
4311,0,0
4312,0,0
4313,0,0
4314,0,0
4315,0,0
4316,0,0
4317,0,0
4318,0,0
4319,0,0
4320,0,0
4321,0,0
4322,0,0
4323,0,0
4324,0,0
4325,0,0
4326,0,0
4327,0,0
4328,0,0
4329,0,0
4330,0,0
4331,0,0
4332,0,0
4333,0,0
4334,0,0
4335,0,0
4336,0,0
4337,0,0
4338,0,0
4339,0,0
4340,0,0
4341,0,0
4342,0,0
4343,0,0
4344,0,0
4345,0,0
4346,0,0
4347,0,0
4348,0,0
4349,0,0
4350,0,0
4351,0,0
4352,0,0
4353,0,0
4354,0,0
4355,0,0
4356,0,0
4357,0,0
4358,0,0
4359,0,0
4360,0,0
4361,0,0
4362,0,0
4363,0,0
4364,0,0
4365,0,0
4366,0,0
4367,0,0
4368,0,0
4369,0,0
4370,0,0
4371,0,0
4372,0,0
4373,0,0
4374,0,0
4375,0,0
4376,0,0
4377,0,0
4378,0,0
4379,0,0
4380,0,0
4381,0,0
4382,0,0
4383,0,0
4384,0,0
4385,0,0
4386,0,0
4387,0,0
4388,0,0
4389,0,0
4390,0,0
4391,0,0
4392,0,0
4393,0,0
4394,0,0
4395,0,0
4396,0,0
4397,0,0
4398,0,0
4399,0,0
4400,0,0
4401,0,0
4402,0,0
4403,0,0
4404,0,0
4405,0,0
4406,0,0
4407,0,0
4408,0,0
4409,0,0
4410,0,0
4411,0,0
4412,0,0
4413,0,0
4414,0,0
4415,0,0
4416,0,0
4417,0,0
4418,0,0
4419,0,0
4420,0,0
4421,0,0
4422,0,0
4423,0,0
4424,0,0
4425,0,0
4426,0,0
4427,0,0
4428,0,0
4429,0,0
4430,0,0
4431,0,0
4432,0,0
4433,0,0
4434,0,0
4435,0,0
4436,0,0
4437,0,0
4438,0,0
4439,0,0
4440,0,0
4441,0,0
4442,0,0
4443,0,0
4444,0,0
4445,0,0
4446,0,0
4447,0,0
4448,0,0
4449,0,0
4450,0,0
4451,0,0
4452,0,0
4453,0,0
4454,0,0
4455,0,0
4456,0,0
4457,0,0
4458,0,0
4459,0,0
4460,0,0
4461,0,0
4462,0,0
4463,0,0
4464,0,0
4465,0,0
4466,0,0
4467,0,0
4468,0,0
4469,0,0
4470,0,0
4471,0,0
4472,0,0
4473,0,0
4474,0,0
4475,0,0
4476,0,0
4477,0,0
4478,0,0
4479,0,0
4480,0,0
4481,0,0
4482,0,0
4483,0,0
4484,0,0
4485,0,0
4486,0,0
4487,0,0
4488,0,0
4489,0,0
4490,0,0
4491,0,0
4492,0,0
4493,0,0
4494,0,0
4495,0,0
4496,0,0
4497,0,0
4498,0,0
4499,0,0
4500,0,0
4501,0,0
4502,0,0
4503,0,0
4504,0,0
4505,0,0
4506,0,0
4507,0,0
4508,0,0
4509,0,0
4510,0,0
4511,0,0
4512,0,0
4513,0,0
4514,0,0
4515,0,0
4516,0,0
4517,0,0
4518,0,0
4519,0,0
4520,0,0
4521,0,0
4522,0,0
4523,0,0
4524,0,0
4525,0,0
4526,0,0
4527,0,0
4528,0,0
4529,0,0
4530,0,0
4531,0,0
4532,0,0
4533,0,0
4534,0,0
4535,0,0
4536,0,0
4537,0,0
4538,0,0
4539,0,0
4540,0,0
4541,0,0
4542,0,0
4543,0,0
4544,0,0
4545,0,0
4546,0,0
4547,0,0
4548,0,0
4549,0,0
4550,0,0
4551,0,0
4552,0,0
4553,0,0
4554,0,0
4555,0,0
4556,0,0
4557,0,0
4558,0,0
4559,0,0
4560,0,0
4561,0,0
4562,0,0
4563,0,0
4564,0,0
4565,0,0
4566,0,0
4567,0,0
4568,0,0
4569,0,0
4570,0,0
4571,0,0
4572,0,0
4573,0,0
4574,0,0
4575,0,0
4576,0,0
4577,0,0
4578,0,0
4579,0,0
4580,0,0
4581,0,0
4582,0,0
4583,0,0
4584,0,0
4585,0,0
4586,0,0
4587,0,0
4588,0,0
4589,0,0
4590,0,0
4591,0,0
4592,0,0
4593,0,0
4594,0,0
4595,0,0
4596,0,0
4597,0,0
4598,0,0
4599,0,0
4600,0,0
4601,0,0
4602,0,0
4603,0,0
4604,0,0
4605,0,0
4606,0,0
4607,0,0
4608,0,0
4609,0,0
4610,0,0
4611,0,0
4612,0,0
4613,0,0
4614,0,0
4615,0,0
4616,0,0
4617,0,0
4618,0,0
4619,0,0
4620,0,0
4621,0,0
4622,0,0
4623,0,0
4624,0,0
4625,0,0
4626,0,0
4627,0,0
4628,0,0
4629,0,0
4630,0,0
4631,0,0
4632,0,0
4633,0,0
4634,0,0
4635,0,0
4636,0,0
4637,0,0
4638,0,0
4639,0,0
4640,0,0
4641,0,0
4642,0,0
4643,0,0
4644,0,0
4645,0,0
4646,0,0
4647,0,0
4648,0,0
4649,0,0
4650,0,0
4651,0,0
4652,0,0
4653,0,0
4654,0,0
4655,0,0
4656,0,0
4657,0,0
4658,0,0
4659,0,0
4660,0,0
4661,0,0
4662,0,0
4663,0,0
4664,0,0
4665,0,0
4666,0,0
4667,0,0
4668,0,0
4669,0,0
4670,0,0
4671,0,0
4672,0,0
4673,0,0
4674,0,0
4675,0,0
4676,0,0
4677,0,0
4678,0,0
4679,0,0
4680,0,0
4681,0,0
4682,0,0
4683,0,0
4684,0,0
4685,0,0
4686,0,0
4687,0,0
4688,0,0
4689,0,0
4690,0,0
4691,0,0
4692,0,0
4693,0,0
4694,0,0
4695,0,0
4696,0,0
4697,0,0
4698,0,0
4699,0,0
4700,0,0
4701,0,0
4702,0,0
4703,0,0
4704,0,0
4705,0,0
4706,0,0
4707,0,0
4708,0,0
4709,0,0
4710,0,0
4711,0,0
4712,0,0
4713,0,0
4714,0,0
4715,0,0
4716,0,0
4717,0,0
4718,0,0
4719,0,0
4720,0,0
4721,0,0
4722,0,0
4723,0,0
4724,0,0
4725,0,0
4726,0,0
4727,0,0
4728,0,0
4729,0,0
4730,0,0
4731,0,0
4732,0,0
4733,0,0
4734,0,0
4735,0,0
4736,0,0
4737,0,0
4738,0,0
4739,0,0
4740,0,0
4741,0,0
4742,0,0
4743,0,0
4744,0,0
4745,0,0
4746,0,0
4747,0,0
4748,0,0
4749,0,0
4750,0,0
4751,0,0
4752,0,0
4753,0,0
4754,0,0
4755,0,0
4756,0,0
4757,0,0
4758,0,0
4759,0,0
4760,0,0
4761,0,0
4762,0,0
4763,0,0
4764,0,0
4765,0,0
4766,0,0
4767,0,0
4768,0,0
4769,0,0
4770,0,0
4771,0,0
4772,0,0
4773,0,0
4774,0,0
4775,0,0
4776,0,0
4777,0,0
4778,0,0
4779,0,0
4780,0,0
4781,0,0
4782,0,0
4783,0,0
4784,0,0
4785,0,0
4786,0,0
4787,0,0
4788,0,0
4789,0,0
4790,0,0
4791,0,0
4792,0,0
4793,0,0
4794,0,0
4795,0,0
4796,0,0
4797,0,0
4798,0,0
4799,0,0
4800,0,0
4801,0,0
4802,0,0
4803,0,0
4804,0,0
4805,0,0
4806,0,0
4807,553,1
4808,554,1
4809,554,1
4810,554,1
4811,554,1
4812,554,1
4813,554,1
4814,561,1
4815,560,1
4816,560,1
4817,560,1
4818,561,1
4819,561,1
4820,561,1
4821,561,1
4822,561,1
4823,561,1
4824,561,1
4825,561,1
4826,561,1
4827,561,1
4828,561,1
4829,561,1
4830,561,1
4831,562,1
4832,562,1
4833,562,1
4834,561,1
4835,562,1
4836,562,1
4837,562,1
4838,562,1
4839,562,1
4840,562,1
4841,562,1
4842,562,1
4843,562,1
4844,562,1
4845,562,1
4846,562,1
4847,562,1
4848,562,1
4849,562,1
4850,562,1
4851,562,1
4852,562,1
4853,562,1
4854,561,1
4855,561,1
4856,561,1
4857,561,1
4858,563,1
4859,563,1
4860,563,1
4861,563,1
4862,563,1
4863,563,1
4864,563,1
4865,563,1
4866,563,1
4867,563,1
4868,563,1
4869,563,1
4870,563,1
4871,563,1
4872,563,1
4873,563,1
4874,563,1
4875,563,1
4876,563,1
4877,563,1
4878,563,1
4879,563,1
4880,563,1
4881,563,1
4882,563,1
4883,563,1
4884,563,1
4885,563,1
4886,563,1
4887,563,1
4888,563,1
4889,563,1
4890,563,1
4891,563,1
4892,563,1
4893,563,1
4894,563,1
4895,563,1
4896,563,1
4897,563,1
4898,563,1
4899,563,1
4900,563,1
4901,563,1
4902,563,1
4903,563,1
4904,563,1
4905,563,1
4906,563,1
4907,563,1
4908,563,1
4909,563,1
4910,563,1
4911,563,1
4912,563,1
4913,563,1
4914,563,1
4915,563,1
4916,563,1
4917,563,1
4918,563,1
4919,563,1
4920,563,1
4921,563,1
4922,563,1
4923,563,1
4924,563,1
4925,563,1
4926,563,1
4927,563,1
4928,563,1
4929,0,0
4930,0,0
4931,0,0
4932,0,0
4933,0,0
4934,0,0
4935,0,0
4936,0,0
4937,0,0
4938,0,0
4939,0,0
4940,0,0
4941,0,0
4942,0,0
4943,0,0
4944,0,0
4945,0,0
4946,0,0
4947,0,0
4948,0,0
4949,0,0
4950,0,0
4951,0,0
4952,0,0
4953,0,0
4954,0,0
4955,0,0
4956,0,0
4957,0,0
4958,0,0
4959,0,0
4960,0,0
4961,0,0
4962,0,0
4963,0,0
4964,0,0
4965,0,0
4966,0,0
4967,0,0
4968,0,0
4969,0,0
4970,0,0
4971,0,0
4972,0,0
4973,0,0
4974,0,0
4975,0,0
4976,0,0
4977,0,0
4978,0,0
4979,0,0
4980,0,0
4981,0,0
4982,0,0
4983,0,0
4984,0,0
4985,0,0
4986,0,0
4987,0,0
4988,0,0
4989,0,0
4990,0,0
4991,0,0
4992,0,0
4993,0,0
4994,0,0
4995,0,0
4996,0,0
4997,0,0
4998,0,0
4999,0,0
5000,0,0
5001,0,0
5002,0,0
5003,0,0
5004,0,0
5005,0,0
5006,0,0
5007,0,0
5008,0,0
5009,0,0
5010,0,0
5011,0,0
5012,0,0
5013,0,0
5014,0,0
5015,0,0
5016,0,0
5017,0,0
5018,0,0
5019,0,0
5020,0,0
5021,0,0
5022,0,0
5023,0,0
5024,0,0
5025,0,0
5026,0,0
5027,0,0
5028,0,0
5029,0,0
5030,0,0
5031,0,0
5032,0,0
5033,0,0
5034,0,0
5035,0,0
5036,0,0
5037,0,0
5038,0,0
5039,0,0
5040,0,0
5041,0,0
5042,0,0
5043,0,0
5044,0,0
5045,0,0
5046,0,0
5047,0,0
5048,0,0
5049,0,0
5050,0,0
5051,0,0
5052,0,0
5053,0,0
5054,0,0
5055,0,0
5056,0,0
5057,0,0
5058,0,0
5059,0,0
5060,0,0
5061,0,0
5062,0,0
5063,0,0
5064,0,0
5065,0,0
5066,0,0
5067,0,0
5068,0,0
5069,0,0
5070,0,0
5071,0,0
5072,0,0
5073,0,0
5074,0,0
5075,0,0
5076,0,0
5077,0,0
5078,0,0
5079,0,0
5080,0,0
5081,0,0
5082,0,0
5083,0,0
5084,0,0
5085,0,0
5086,0,0
5087,0,0
5088,0,0
5089,0,0
5090,0,0
5091,0,0
5092,0,0
5093,0,0
5094,0,0
5095,0,0
5096,0,0
5097,0,0
5098,0,0
5099,0,0
5100,0,0
5101,0,0
5102,0,0
5103,0,0
5104,0,0
5105,0,0
5106,0,0
5107,0,0
5108,0,0
5109,0,0
5110,0,0
5111,0,0
5112,0,0
5113,0,0
5114,0,0
5115,0,0
5116,0,0
5117,0,0
5118,0,0
5119,0,0
5120,0,0
5121,0,0
5122,0,0
5123,0,0
5124,0,0
5125,0,0
5126,0,0
5127,0,0
5128,0,0
5129,0,0
5130,0,0
5131,0,0
5132,0,0
5133,0,0
5134,0,0
5135,0,0
5136,0,0
5137,0,0
5138,0,0
5139,0,0
5140,0,0
5141,0,0
5142,0,0
5143,0,0
5144,0,0
5145,0,0
5146,0,0
5147,0,0
5148,0,0
5149,0,0
5150,0,0
5151,0,0
5152,0,0
5153,0,0
5154,0,0
5155,0,0
5156,0,0
5157,0,0
5158,0,0
5159,0,0
5160,0,0
5161,0,0
5162,0,0
5163,0,0
5164,0,0
5165,0,0
5166,0,0
5167,0,0
5168,0,0
5169,0,0
5170,0,0
5171,0,0
5172,0,0
5173,0,0
5174,0,0
5175,0,0
5176,0,0
5177,0,0
5178,0,0
5179,0,0
5180,0,0
5181,0,0
5182,0,0
5183,0,0
5184,0,0
5185,0,0
5186,0,0
5187,0,0
5188,0,0
5189,0,0
5190,0,0
5191,0,0
5192,0,0
5193,0,0
5194,0,0
5195,0,0
5196,0,0
5197,0,0
5198,0,0
5199,0,0
5200,0,0
5201,0,0
5202,0,0
5203,0,0
5204,0,0
5205,0,0
5206,0,0
5207,0,0
5208,0,0
5209,0,0
5210,0,0
5211,0,0
5212,0,0
5213,0,0
5214,0,0
5215,0,0
5216,0,0
5217,0,0
5218,0,0
5219,0,0
5220,0,0
5221,0,0
5222,0,0
5223,0,0
5224,0,0
5225,0,0
5226,0,0
5227,0,0
5228,0,0
5229,0,0
5230,0,0
5231,0,0
5232,0,0
5233,0,0
5234,0,0
5235,0,0
5236,0,0
5237,0,0
5238,0,0
5239,0,0
5240,0,0
5241,0,0
5242,0,0
5243,0,0
5244,0,0
5245,0,0
5246,0,0
5247,0,0
5248,0,0
5249,0,0
5250,0,0
5251,0,0
5252,0,0
5253,0,0
5254,0,0
5255,0,0
5256,0,0
5257,0,0
5258,0,0
5259,0,0
5260,0,0
5261,0,0
5262,0,0
5263,0,0
5264,0,0
5265,0,0
5266,0,0
5267,0,0
5268,0,0
5269,0,0
5270,0,0
5271,0,0
5272,0,0
5273,0,0
5274,0,0
5275,0,0
5276,0,0
5277,0,0
5278,0,0
5279,0,0
5280,0,0
5281,0,0
5282,0,0
5283,0,0
5284,0,0
5285,0,0
5286,0,0
5287,0,0
5288,0,0
5289,0,0
5290,0,0
5291,0,0
5292,0,0
5293,0,0
5294,0,0
5295,0,0
5296,0,0
5297,0,0
5298,0,0
5299,0,0
5300,0,0
5301,0,0
5302,0,0
5303,0,0
5304,0,0
5305,0,0
5306,0,0
5307,0,0
5308,0,0
5309,0,0
5310,0,0
5311,0,0
5312,0,0
5313,0,0
5314,0,0
5315,0,0
5316,0,0
5317,0,0
5318,0,0
5319,0,0
5320,0,0
5321,0,0
5322,0,0
5323,0,0
5324,0,0
5325,0,0
5326,0,0
5327,0,0
5328,0,0
5329,0,0
5330,0,0
5331,0,0
5332,0,0
5333,0,0
5334,0,0
5335,0,0
5336,0,0
5337,0,0
5338,0,0
5339,0,0
5340,0,0
5341,0,0
5342,0,0
5343,0,0
5344,0,0
5345,0,0
5346,0,0
5347,0,0
5348,0,0
5349,0,0
5350,0,0
5351,0,0
5352,0,0
5353,0,0
5354,0,0
5355,0,0
5356,0,0
5357,0,0
5358,0,0
5359,0,0
5360,0,0
5361,0,0
5362,0,0
5363,0,0
5364,0,0
5365,0,0
5366,0,0
5367,0,0
5368,0,0
5369,0,0
5370,0,0
5371,0,0
5372,0,0
5373,0,0
5374,0,0
5375,0,0
5376,0,0
5377,0,0
5378,0,0
5379,0,0
5380,0,0
5381,0,0
5382,0,0
5383,0,0
5384,0,0
5385,0,0
5386,0,0
5387,0,0
5388,0,0
5389,0,0
5390,0,0
5391,0,0
5392,0,0
5393,0,0
5394,0,0
5395,0,0
5396,0,0
5397,0,0
5398,0,0
5399,0,0
5400,0,0
5401,0,0
5402,0,0
5403,0,0
5404,0,0
5405,0,0
5406,0,0
5407,0,0
5408,0,0
5409,0,0
5410,0,0
5411,0,0
5412,0,0
5413,0,0
5414,0,0
5415,0,0
5416,0,0
5417,0,0
5418,0,0
5419,0,0
5420,0,0
5421,0,0
5422,563,1
5423,563,1
5424,563,1
5425,563,1
5426,563,1
5427,563,1
5428,563,1
5429,563,1
5430,563,1
5431,563,1
5432,563,1
5433,563,1
5434,563,1
5435,563,1
5436,563,1
5437,563,1
5438,563,1
5439,563,1
5440,563,1
5441,563,1
5442,563,1
5443,563,1
5444,563,1
5445,563,1
5446,563,1
5447,563,1
5448,563,1
5449,563,1
5450,563,1
5451,563,1
5452,563,1
5453,563,1
5454,563,1
5455,563,1
5456,563,1
5457,563,1
5458,563,1
5459,563,1
5460,563,1
5461,563,1
5462,563,1
5463,563,1
5464,563,1
5465,563,1
5466,563,1
5467,563,1
5468,563,1
5469,563,1
5470,563,1
5471,563,1
5472,563,1
5473,563,1
5474,563,1
5475,563,1
5476,563,1
5477,563,1
5478,563,1
5479,563,1
5480,563,1
5481,563,1
5482,563,1
5483,563,1
5484,563,1
5485,563,1
5486,563,1
5487,563,1
5488,563,1
5489,563,1
5490,563,1
5491,563,1
5492,563,1
5493,563,1
5494,563,1
5495,563,1
5496,563,1
5497,563,1
5498,563,1
5499,563,1
5500,563,1
5501,563,1
5502,563,1
5503,563,1
5504,563,1
5505,563,1
5506,563,1
5507,563,1
5508,563,1
5509,563,1
5510,563,1
5511,563,1
5512,563,1
5513,563,1
5514,563,1
5515,563,1
5516,563,1
5517,563,1
5518,563,1
5519,563,1
5520,563,1
5521,563,1
5522,563,1
5523,563,1
5524,563,1
5525,563,1
5526,563,1
5527,563,1
5528,563,1
5529,563,1
5530,563,1
5531,563,1
5532,563,1
5533,563,1
5534,563,1
5535,563,1
5536,563,1
5537,563,1
5538,563,1
5539,563,1
5540,563,1
5541,563,1
5542,563,1
5543,563,1
5544,563,1
5545,563,1
5546,563,1
5547,563,1
5548,563,1
5549,563,1
5550,563,1
5551,563,1
5552,563,1
5553,563,1
5554,563,1
5555,563,1
5556,563,1
5557,563,1
5558,563,1
5559,563,1
5560,563,1
5561,563,1
5562,563,1
5563,563,1
5564,563,1
5565,563,1
5566,563,1
5567,563,1
5568,563,1
5569,563,1
5570,563,1
5571,563,1
5572,563,1
5573,563,1
5574,563,1
5575,563,1
5576,563,1
5577,563,1
5578,563,1
5579,563,1
5580,563,1
5581,563,1
5582,563,1
5583,563,1
5584,563,1
5585,563,1
5586,563,1
5587,563,1
5588,563,1
5589,563,1
5590,563,1
5591,563,1
5592,563,1
5593,563,1
5594,563,1
5595,563,1
5596,4,0
5597,4,0
5598,0,0
5599,0,0
5600,0,0
5601,0,0
5602,0,0
5603,0,0
5604,0,0
5605,12,0
5606,12,0
5607,12,0
5608,12,0
5609,11,0
5610,11,0
5611,15,0
5612,11,0
5613,11,0
5614,11,0
5615,7,0
5616,7,0
5617,3,0
5618,3,0
5619,7,0
5620,11,0
5621,15,0
5622,15,0
5623,15,0
5624,15,0
5625,19,0
5626,19,0
5627,19,0
5628,19,0
5629,19,0
5630,19,0
5631,19,0
5632,19,0
5633,19,0
5634,19,0
5635,19,0
5636,15,0
5637,15,0
5638,15,0
5639,19,0
5640,19,0
5641,20,0
5642,20,0
5643,20,0
5644,19,0
5645,18,0
5646,19,0
5647,18,0
5648,18,0
5649,18,0
5650,18,0
5651,15,0
5652,15,0
5653,15,0
5654,15,0
5655,19,0
5656,19,0
5657,19,0
5658,19,0
5659,19,0
5660,19,0
5661,19,0
5662,19,0
5663,23,0
5664,16,0
5665,20,0
5666,20,0
5667,20,0
5668,16,0
5669,12,0
5670,12,0
5671,10,0
5672,16,0
5673,20,0
5674,24,0
5675,27,0
5676,24,0
5677,25,0
5678,12,0
5679,19,0
5680,19,0
5681,20,0
5682,20,0
5683,20,0
5684,19,0
5685,15,0
5686,19,0
5687,19,0
5688,19,0
5689,19,0
5690,19,0
5691,19,0
5692,19,0
5693,19,0
5694,11,0
5695,19,0
5696,15,0
5697,15,0
5698,15,0
5699,15,0
5700,18,0
5701,18,0
5702,22,0
5703,22,0
5704,19,0
5705,16,0
5706,15,0
5707,15,0
5708,15,0
5709,15,0
5710,19,0
5711,18,0
5712,18,0
5713,18,0
5714,13,0
5715,16,0
5716,11,0
5717,7,0
5718,5,0
5719,5,0
5720,6,0
5721,7,0
5722,7,0
5723,7,0
5724,7,0
5725,7,0
5726,7,0
5727,6,0
5728,10,0
5729,10,0
5730,10,0
5731,10,0
5732,9,0
5733,9,0
5734,14,0
5735,14,0
5736,14,0
5737,15,0
5738,19,0
5739,19,0
5740,19,0
5741,19,0
5742,19,0
5743,19,0
5744,19,0
5745,19,0
5746,20,0
5747,20,0
5748,19,0
5749,19,0
5750,19,0
5751,19,0
5752,19,0
5753,19,0
5754,19,0
5755,19,0
5756,19,0
5757,19,0
5758,19,0
5759,19,0
5760,23,0
5761,23,0
5762,24,0
5763,23,0
5764,23,0
5765,23,0
5766,23,0
5767,23,0
5768,24,0
5769,23,0
5770,23,0
5771,24,0
5772,24,0
5773,24,0
5774,23,0
5775,23,0
5776,23,0
5777,23,0
5778,23,0
5779,23,0
5780,23,0
5781,23,0
5782,15,0
5783,15,0
5784,15,0
5785,15,0
5786,15,0
5787,15,0
5788,15,0
5789,15,0
5790,15,0
5791,15,0
5792,21,0
5793,22,0
5794,22,0
5795,22,0
5796,22,0
5797,22,0
5798,22,0
5799,15,0
5800,22,0
5801,22,0
5802,23,0
5803,23,0
5804,22,0
5805,22,0
5806,22,0
5807,22,0
5808,22,0
5809,22,0
5810,22,0
5811,22,0
5812,22,0
5813,22,0
5814,22,0
5815,22,0
5816,22,0
5817,22,0
5818,18,0
5819,22,0
5820,22,0
5821,22,0
5822,22,0
5823,22,0
5824,22,0
5825,22,0
5826,22,0
5827,22,0
5828,22,0
5829,23,0
5830,19,0
5831,18,0
5832,18,0
5833,18,0
5834,17,0
5835,17,0
5836,17,0
5837,17,0
5838,17,0
5839,21,0
5840,15,0
5841,15,0
5842,15,0
5843,15,0
5844,15,0
5845,19,0
5846,19,0
5847,22,0
5848,22,0
5849,23,0
5850,23,0
5851,22,0
5852,22,0
5853,22,0
5854,22,0
5855,22,0
5856,22,0
5857,22,0
5858,22,0
5859,22,0
5860,22,0
5861,22,0
5862,22,0
5863,22,0
5864,22,0
5865,22,0
5866,22,0
5867,22,0
5868,22,0
5869,23,0
5870,23,0
5871,23,0
5872,23,0
5873,23,0
5874,23,0
5875,22,0
5876,22,0
5877,22,0
5878,22,0
5879,22,0
5880,22,0
5881,22,0
5882,23,0
5883,22,0
5884,22,0
5885,22,0
5886,22,0
5887,22,0
5888,22,0
5889,22,0
5890,22,0
5891,22,0
5892,22,0
5893,22,0
5894,22,0
5895,22,0
5896,3,0
5897,3,0
5898,3,0
5899,3,0
5900,3,0
5901,3,0
5902,3,0
5903,3,0
5904,3,0
5905,3,0
5906,4,0
5907,3,0
5908,3,0
5909,3,0
5910,3,0
5911,3,0
5912,3,0
5913,3,0
5914,3,0
5915,3,0
5916,7,0
5917,11,0
5918,11,0
5919,11,0
5920,11,0
5921,11,0
5922,12,0
5923,11,0
5924,11,0
5925,11,0
5926,11,0
5927,11,0
5928,11,0
5929,11,0
5930,11,0
5931,11,0
5932,11,0
5933,11,0
5934,12,0
5935,11,0
5936,11,0
5937,11,0
5938,11,0
5939,11,0
5940,11,0
5941,11,0
5942,11,0
5943,11,0
5944,11,0
5945,11,0
5946,11,0
5947,11,0
5948,11,0
5949,11,0
5950,11,0
5951,11,0
5952,11,0
5953,11,0
5954,11,0
5955,11,0
5956,7,0
5957,7,0
5958,7,0
5959,11,0
5960,11,0
5961,11,0
5962,11,0
5963,7,0
5964,7,0
5965,7,0
5966,8,0
5967,8,0
5968,8,0
5969,7,0
5970,11,0
5971,11,0
5972,11,0
5973,11,0
5974,12,0
5975,11,0
5976,11,0
5977,11,0
5978,11,0
5979,11,0
5980,11,0
5981,11,0
5982,11,0
5983,11,0
5984,12,0
5985,12,0
5986,11,0
5987,11,0
5988,12,0
5989,12,0
5990,12,0
5991,12,0
5992,11,0
5993,11,0
5994,11,0
5995,11,0
5996,7,0
5997,7,0
5998,7,0
5999,7,0
6000,7,0
6001,7,0
6002,7,0
6003,7,0
6004,11,0
6005,7,0
6006,7,0
6007,7,0
6008,7,0
6009,7,0
6010,7,0
6011,7,0
6012,7,0
6013,7,0
6014,7,0
6015,7,0
6016,7,0
6017,7,0
6018,7,0
6019,7,0
6020,7,0
6021,7,0
6022,8,0
6023,7,0
6024,3,0
6025,3,0
6026,3,0
6027,7,0
6028,7,0
6029,7,0
6030,7,0
6031,7,0
6032,7,0
6033,7,0
6034,7,0
6035,7,0
6036,7,0
6037,7,0
6038,7,0
6039,7,0
6040,7,0
6041,7,0
6042,7,0
6043,7,0
6044,7,0
6045,7,0
6046,10,0
6047,9,0
6048,9,0
6049,9,0
6050,9,0
6051,9,0
6052,10,0
6053,10,0
6054,11,0
6055,7,0
6056,7,0
6057,7,0
6058,7,0
6059,7,0
6060,8,0
6061,7,0
6062,7,0
6063,7,0
6064,7,0
6065,7,0
6066,7,0
6067,7,0
6068,7,0
6069,7,0
6070,7,0
6071,7,0
6072,7,0
6073,7,0
6074,7,0
6075,7,0
6076,7,0
6077,7,0
6078,8,0
6079,7,0
6080,7,0
6081,7,0
6082,7,0
6083,8,0
6084,8,0
6085,8,0
6086,8,0
6087,8,0
6088,8,0
6089,8,0
6090,8,0
6091,8,0
6092,8,0
6093,8,0
6094,7,0
6095,7,0
6096,8,0
6097,8,0
6098,8,0
6099,7,0
6100,7,0
6101,7,0
6102,7,0
6103,7,0
6104,7,0
6105,7,0
6106,7,0
6107,7,0
6108,7,0
6109,7,0
6110,7,0
6111,7,0
6112,7,0
6113,7,0
6114,7,0
6115,7,0
6116,7,0
6117,7,0
6118,7,0
6119,7,0
6120,4,0
6121,4,0
6122,4,0
6123,4,0
6124,0,0
6125,0,0
6126,0,0
6127,0,0
6128,0,0
6129,0,0
6130,0,0
6131,0,0
6132,0,0
6133,0,0
6134,0,0
6135,0,0
6136,0,0
6137,0,0
6138,0,0
6139,0,0
6140,0,0
6141,0,0
6142,0,0
6143,0,0
6144,0,0
6145,0,0
6146,0,0
6147,0,0
6148,0,0
6149,0,0
6150,0,0
6151,0,0
6152,0,0
6153,0,0
6154,0,0
6155,0,0
6156,0,0
6157,0,0
6158,0,0
6159,0,0
6160,0,0
6161,0,0
6162,0,0
6163,0,0
6164,0,0
6165,0,0
6166,0,0
6167,0,0
6168,0,0
6169,0,0
6170,0,0
6171,0,0
6172,0,0
6173,0,0
6174,0,0
6175,0,0
6176,0,0
6177,0,0
6178,0,0
6179,0,0
6180,0,0
6181,0,0
6182,0,0
6183,0,0
6184,0,0
6185,0,0
6186,0,0
6187,0,0
6188,0,0
6189,0,0
6190,0,0
6191,0,0
6192,0,0
6193,0,0
6194,0,0
6195,541,1
6196,562,1
6197,562,1
6198,562,1
6199,562,1
6200,562,1
6201,562,1
6202,562,1
6203,562,1
6204,561,1
6205,561,1
6206,561,1
6207,561,1
6208,561,1
6209,561,1
6210,561,1
6211,561,1
6212,561,1
6213,561,1
6214,561,1
6215,560,1
6216,560,1
6217,560,1
6218,561,1
6219,561,1
6220,561,1
6221,561,1
6222,562,1
6223,562,1
6224,562,1
6225,562,1
6226,562,1
6227,562,1
6228,562,1
6229,562,1
6230,562,1
6231,562,1
6232,562,1
6233,564,1
6234,565,1
6235,4,0
6236,4,0
6237,4,0
6238,4,0
6239,4,0
6240,4,0
6241,8,0
6242,8,0
6243,8,0
6244,8,0
6245,8,0
6246,16,0
6247,12,0
6248,12,0
6249,12,0
6250,12,0
6251,12,0
6252,12,0
6253,11,0
6254,4,0
6255,4,0
6256,4,0
6257,4,0
6258,8,0
6259,8,0
6260,8,0
6261,8,0
6262,8,0
6263,8,0
6264,8,0
6265,8,0
6266,8,0
6267,8,0
6268,8,0
6269,8,0
6270,8,0
6271,7,0
6272,7,0
6273,8,0
6274,8,0
6275,8,0
6276,8,0
6277,8,0
6278,8,0
6279,11,0
6280,11,0
6281,15,0
6282,14,0
6283,13,0
6284,13,0
6285,11,0
6286,11,0
6287,11,0
6288,11,0
6289,11,0
6290,11,0
6291,11,0
6292,11,0
6293,11,0
6294,11,0
6295,11,0
6296,11,0
6297,11,0
6298,11,0
6299,11,0
6300,11,0
6301,11,0
6302,11,0
6303,11,0
6304,11,0
6305,11,0
6306,11,0
6307,11,0
6308,11,0
6309,11,0
6310,11,0
6311,11,0
6312,11,0
6313,11,0
6314,11,0
6315,11,0
6316,11,0
6317,11,0
6318,11,0
6319,11,0
6320,11,0
6321,11,0
6322,11,0
6323,11,0
6324,11,0
6325,11,0
6326,11,0
6327,11,0
6328,12,0
6329,12,0
6330,12,0
6331,12,0
6332,12,0
6333,12,0
6334,12,0
6335,12,0
6336,12,0
6337,12,0
6338,12,0
6339,12,0
6340,12,0
6341,12,0
6342,12,0
6343,12,0
6344,12,0
6345,12,0
6346,12,0
6347,12,0
6348,12,0
6349,12,0
6350,11,0
6351,11,0
6352,11,0
6353,11,0
6354,11,0
6355,11,0
6356,11,0
6357,11,0
6358,11,0
6359,11,0
6360,11,0
6361,11,0
6362,15,0
6363,15,0
6364,15,0
6365,11,0
6366,11,0
6367,11,0
6368,11,0
6369,12,0
6370,11,0
6371,11,0
6372,11,0
6373,11,0
6374,11,0
6375,11,0
6376,11,0
6377,11,0
6378,12,0
6379,12,0
6380,12,0
6381,12,0
6382,11,0
6383,11,0
6384,11,0
6385,11,0
6386,11,0
6387,8,0
6388,8,0
6389,4,0
6390,4,0
6391,4,0
6392,4,0
6393,4,0
6394,4,0
6395,4,0
6396,4,0
6397,4,0
6398,4,0
6399,4,0
6400,4,0
6401,4,0
6402,4,0
6403,4,0
6404,8,0
6405,4,0
6406,4,0
6407,4,0
6408,4,0
6409,4,0
6410,11,0
6411,11,0
6412,11,0
6413,11,0
6414,11,0
6415,11,0
6416,11,0
6417,11,0
6418,11,0
6419,11,0
6420,11,0
6421,13,0
6422,13,0
6423,13,0
6424,13,0
6425,13,0
6426,13,0
6427,13,0
6428,14,0
6429,14,0
6430,14,0
6431,14,0
6432,14,0
6433,14,0
6434,14,0
6435,14,0
6436,13,0
6437,13,0
6438,13,0
6439,13,0
6440,13,0
6441,13,0
6442,13,0
6443,13,0
6444,13,0
6445,13,0
6446,13,0
6447,13,0
6448,13,0
6449,13,0
6450,13,0
6451,14,0
6452,14,0
6453,14,0
6454,14,0
6455,14,0
6456,14,0
6457,14,0
6458,13,0
6459,13,0
6460,14,0
6461,14,0
6462,18,0
6463,17,0
6464,17,0
6465,17,0
6466,18,0
6467,15,0
6468,15,0
6469,15,0
6470,15,0
6471,15,0
6472,15,0
6473,15,0
6474,15,0
6475,15,0
6476,15,0
6477,17,0
6478,16,0
6479,15,0
6480,15,0
6481,16,0
6482,16,0
6483,16,0
6484,16,0
6485,16,0
6486,16,0
6487,16,0
6488,16,0
6489,16,0
6490,16,0
6491,16,0
6492,16,0
6493,16,0
6494,16,0
6495,16,0
6496,16,0
6497,16,0
6498,16,0
6499,16,0
6500,16,0
6501,16,0
6502,16,0
6503,16,0
6504,16,0
6505,16,0
6506,16,0
6507,16,0
6508,16,0
6509,16,0
6510,16,0
6511,16,0
6512,16,0
6513,16,0
6514,11,0
6515,15,0
6516,15,0
6517,15,0
6518,11,0
6519,11,0
6520,11,0
6521,11,0
6522,11,0
6523,11,0
6524,11,0
6525,11,0
6526,11,0
6527,15,0
6528,20,0
6529,20,0
6530,20,0
6531,20,0
6532,20,0
6533,20,0
6534,20,0
6535,20,0
6536,19,0
6537,19,0
6538,20,0
6539,19,0
6540,19,0
6541,19,0
6542,15,0
6543,15,0
6544,15,0
6545,15,0
6546,15,0
6547,15,0
6548,15,0
6549,15,0
6550,15,0
6551,15,0
6552,15,0
6553,15,0
6554,12,0
6555,12,0
6556,12,0
6557,12,0
6558,12,0
6559,12,0
6560,12,0
6561,12,0
6562,12,0
6563,12,0
6564,12,0
6565,12,0
6566,12,0
6567,12,0
6568,12,0
6569,12,0
6570,12,0
6571,12,0
6572,12,0
6573,12,0
6574,12,0
6575,12,0
6576,12,0
6577,12,0
6578,12,0
6579,12,0
6580,8,0
6581,8,0
6582,8,0
6583,8,0
6584,8,0
6585,8,0
6586,8,0
6587,8,0
6588,8,0
6589,8,0
6590,8,0
6591,8,0
6592,7,0
6593,8,0
6594,12,0
6595,12,0
6596,12,0
6597,12,0
6598,12,0
6599,12,0
6600,11,0
6601,11,0
6602,11,0
6603,11,0
6604,11,0
6605,11,0
6606,11,0
6607,11,0
6608,11,0
6609,11,0
6610,12,0
6611,11,0
6612,11,0
6613,11,0
6614,11,0
6615,11,0
6616,11,0
6617,11,0
6618,11,0
6619,11,0
6620,11,0
6621,11,0
6622,11,0
6623,11,0
6624,11,0
6625,11,0
6626,11,0
6627,11,0
6628,11,0
6629,12,0
6630,12,0
6631,12,0
6632,12,0
6633,12,0
6634,12,0
6635,12,0
6636,12,0
6637,12,0
6638,16,0
6639,12,0
6640,12,0
6641,12,0
6642,12,0
6643,12,0
6644,12,0
6645,12,0
6646,12,0
6647,12,0
6648,12,0
6649,12,0
6650,12,0
6651,12,0
6652,12,0
6653,12,0
6654,12,0
6655,11,0
6656,11,0
6657,11,0
6658,11,0
6659,11,0
6660,11,0
6661,11,0
6662,11,0
6663,11,0
6664,11,0
6665,11,0
6666,11,0
6667,11,0
6668,11,0
6669,11,0
6670,11,0
6671,11,0
6672,11,0
6673,11,0
6674,11,0
6675,11,0
6676,11,0
6677,11,0
6678,11,0
6679,11,0
6680,11,0
6681,11,0
6682,11,0
6683,11,0
6684,11,0
6685,11,0
6686,11,0
6687,11,0
6688,11,0
6689,11,0
6690,11,0
6691,11,0
6692,11,0
6693,11,0
6694,11,0
6695,11,0
6696,14,0
6697,11,0
6698,11,0
6699,3,0
6700,0,0
6701,0,0
6702,0,0
6703,3,0
6704,8,0
6705,11,0
6706,11,0
6707,10,0
6708,12,0
6709,12,0
6710,4,0
6711,3,0
6712,3,0
6713,3,0
6714,3,0
6715,3,0
6716,3,0
6717,11,0
6718,11,0
6719,11,0
6720,11,0
6721,11,0
6722,11,0
6723,11,0
6724,12,0
6725,22,0
6726,29,0
6727,29,0
6728,21,0
6729,21,0
6730,21,0
6731,21,0
6732,21,0
6733,22,0
6734,22,0
6735,22,0
6736,22,0
6737,18,0
6738,15,0
6739,15,0
6740,13,0
6741,15,0
6742,15,0
6743,15,0
6744,15,0
6745,15,0
6746,15,0
6747,15,0
6748,15,0
6749,15,0
6750,15,0
6751,15,0
6752,15,0
6753,15,0
6754,15,0
6755,15,0
6756,15,0
6757,15,0
6758,15,0
6759,15,0
6760,15,0
6761,15,0
6762,15,0
6763,15,0
6764,15,0
6765,15,0
6766,15,0
6767,15,0
6768,15,0
6769,14,0
6770,14,0
6771,14,0
6772,14,0
6773,14,0
6774,14,0
6775,14,0
6776,14,0
6777,14,0
6778,14,0
6779,14,0
6780,14,0
6781,13,0
6782,13,0
6783,13,0
6784,13,0
6785,13,0
6786,13,0
6787,13,0
6788,13,0
6789,13,0
6790,13,0
6791,13,0
6792,13,0
6793,14,0
6794,14,0
6795,14,0
6796,14,0
6797,14,0
6798,15,0
6799,15,0
6800,15,0
6801,15,0
6802,14,0
6803,14,0
6804,14,0
6805,10,0
6806,10,0
6807,10,0
6808,10,0
6809,10,0
6810,10,0
6811,10,0
6812,10,0
6813,10,0
6814,10,0
6815,10,0
6816,9,0
6817,10,0
6818,14,0
6819,14,0
6820,14,0
6821,14,0
6822,11,0
6823,10,0
6824,10,0
6825,10,0
6826,10,0
6827,10,0
6828,10,0
6829,10,0
6830,11,0
6831,10,0
6832,10,0
6833,10,0
6834,10,0
6835,10,0
6836,10,0
6837,10,0
6838,10,0
6839,10,0
6840,10,0
6841,9,0
6842,9,0
6843,10,0
6844,10,0
6845,10,0
6846,10,0
6847,10,0
6848,10,0
6849,10,0
6850,9,0
6851,15,0
6852,15,0
6853,15,0
6854,3,0
6855,4,0
6856,4,0
6857,4,0
6858,4,0
6859,4,0
6860,4,0
6861,4,0
6862,4,0
6863,0,0
6864,0,0
6865,0,0
6866,0,0
6867,0,0
6868,0,0
6869,0,0
6870,0,0
6871,0,0
6872,0,0
6873,0,0
6874,0,0
6875,4,0
6876,4,0
6877,4,0
6878,4,0
6879,4,0
6880,4,0
6881,4,0
6882,4,0
6883,548,1
6884,548,1
6885,548,1
6886,545,1
6887,545,1
6888,545,1
6889,541,1
6890,543,1
6891,543,1
6892,546,1
6893,546,1
6894,546,1
6895,547,1
6896,547,1
6897,548,1
6898,548,1
6899,551,1
6900,555,1
6901,555,1
6902,555,1
6903,554,1
6904,555,1
6905,556,1
6906,555,1
6907,555,1
6908,556,1
6909,556,1
6910,556,1
6911,557,1
6912,557,1
6913,0,0
6914,0,0
6915,0,0
6916,0,0
6917,0,0
6918,0,0
6919,0,0
6920,0,0
6921,0,0
6922,4,0
6923,0,0
6924,0,0
6925,0,0
6926,0,0
6927,0,0
6928,4,0
6929,4,0
6930,4,0
6931,0,0
6932,0,0
6933,0,0
6934,0,0
6935,0,0
6936,0,0
6937,0,0
6938,0,0
6939,0,0
6940,0,0
6941,0,0
6942,0,0
6943,0,0
6944,0,0
6945,0,0
6946,0,0
6947,0,0
6948,0,0
6949,0,0
6950,0,0
6951,0,0
6952,0,0
6953,0,0
6954,0,0
6955,0,0
6956,0,0
6957,0,0
6958,0,0
6959,0,0
6960,0,0
6961,0,0
6962,0,0
6963,0,0
6964,0,0
6965,0,0
6966,0,0
6967,4,0
6968,4,0
6969,4,0
6970,4,0
6971,4,0
6972,4,0
6973,4,0
6974,4,0
6975,4,0
6976,4,0
6977,4,0
6978,4,0
6979,0,0
6980,0,0
6981,0,0
6982,0,0
6983,0,0
6984,0,0
6985,0,0
6986,0,0
6987,0,0
6988,0,0
6989,0,0
6990,0,0
6991,0,0
6992,0,0
6993,0,0
6994,0,0
6995,0,0
6996,0,0
6997,0,0
6998,0,0
6999,0,0
7000,0,0
7001,0,0
7002,0,0
7003,0,0
7004,0,0
7005,0,0
7006,0,0
7007,0,0
7008,0,0
7009,0,0
7010,0,0
7011,0,0
7012,0,0
7013,0,0
7014,0,0
7015,0,0
7016,0,0
7017,0,0
7018,0,0
7019,0,0
7020,0,0
7021,0,0
7022,0,0
7023,0,0
7024,0,0
7025,0,0
7026,0,0
7027,0,0
7028,0,0
7029,0,0
7030,0,0
7031,0,0
7032,0,0
7033,0,0
7034,0,0
7035,0,0
7036,0,0
7037,0,0
7038,0,0
7039,0,0
7040,0,0
7041,0,0
7042,0,0
7043,0,0
7044,0,0
7045,0,0
7046,0,0
7047,0,0
7048,0,0
7049,0,0
7050,0,0
7051,0,0
7052,0,0
7053,0,0
7054,0,0
7055,0,0
7056,0,0
7057,0,0
7058,0,0
7059,0,0
7060,0,0
7061,0,0
7062,0,0
7063,0,0
7064,0,0
7065,0,0
7066,0,0
7067,0,0
7068,0,0
7069,0,0
7070,0,0
7071,0,0
7072,0,0
7073,0,0
7074,0,0
7075,0,0
7076,0,0
7077,0,0
7078,0,0
7079,0,0
7080,0,0
7081,0,0
7082,0,0
7083,0,0
7084,0,0
7085,0,0
7086,0,0
7087,0,0
7088,0,0
7089,0,0
7090,0,0
7091,4,0
7092,4,0
7093,4,0
7094,0,0
7095,0,0
7096,0,0
7097,4,0
7098,4,0
7099,4,0
7100,0,0
7101,0,0
7102,0,0
7103,0,0
7104,4,0
7105,4,0
7106,0,0
7107,0,0
7108,0,0
7109,0,0
7110,0,0
7111,0,0
7112,0,0
7113,0,0
7114,0,0
7115,0,0
7116,0,0
7117,0,0
7118,0,0
7119,0,0
7120,0,0
7121,0,0
7122,0,0
7123,0,0
7124,0,0
7125,0,0
7126,0,0
7127,0,0
7128,0,0
7129,0,0
7130,0,0
7131,0,0
7132,0,0
7133,0,0
7134,0,0
7135,0,0
7136,0,0
7137,0,0
7138,0,0
7139,0,0
7140,0,0
7141,0,0
7142,0,0
7143,0,0
7144,0,0
7145,0,0
7146,0,0
7147,0,0
7148,0,0
7149,0,0
7150,0,0
7151,0,0
7152,0,0
7153,0,0
7154,0,0
7155,0,0
7156,0,0
7157,0,0
7158,0,0
7159,0,0
7160,0,0
7161,0,0
7162,0,0
7163,0,0
7164,0,0
7165,0,0
7166,0,0
7167,0,0
7168,0,0
7169,0,0
7170,0,0
7171,0,0
7172,0,0
7173,0,0
7174,4,0
7175,4,0
7176,0,0
7177,4,0
7178,4,0
7179,4,0
7180,4,0
7181,4,0
7182,0,0
7183,0,0
7184,0,0
7185,0,0
7186,0,0
7187,0,0
7188,0,0
7189,0,0
7190,0,0
7191,0,0
7192,0,0
7193,0,0
7194,0,0
7195,0,0
7196,0,0
7197,0,0
7198,0,0
7199,0,0
7200,0,0
7201,0,0
7202,0,0
7203,0,0
7204,0,0
7205,0,0
7206,0,0
7207,0,0
7208,0,0
7209,0,0
7210,0,0
7211,0,0
7212,0,0
7213,4,0
7214,4,0
7215,4,0
7216,4,0
7217,4,0
7218,4,0
7219,4,0
7220,4,0
7221,4,0
7222,4,0
7223,0,0
7224,0,0
7225,0,0
7226,0,0
7227,0,0
7228,0,0
7229,0,0
7230,0,0
7231,0,0
7232,0,0
7233,0,0
7234,0,0
7235,0,0
7236,0,0
7237,0,0
7238,0,0
7239,0,0
7240,0,0
7241,0,0
7242,0,0
7243,0,0
7244,0,0
7245,0,0
7246,0,0
7247,0,0
7248,0,0
7249,0,0
7250,0,0
7251,0,0
7252,0,0
7253,0,0
7254,0,0
7255,0,0
7256,0,0
7257,0,0
7258,0,0
7259,0,0
7260,0,0
7261,0,0
7262,0,0
7263,0,0
7264,0,0
7265,0,0
7266,0,0
7267,0,0
7268,0,0
7269,0,0
7270,0,0
7271,0,0
7272,0,0
7273,0,0
7274,0,0
7275,0,0
7276,0,0
7277,0,0
7278,0,0
7279,0,0
7280,0,0
7281,0,0
7282,0,0
7283,0,0
7284,0,0
7285,0,0
7286,0,0
7287,0,0
7288,0,0
7289,0,0
7290,0,0
7291,0,0
7292,0,0
7293,0,0
7294,0,0
7295,0,0
7296,0,0
7297,0,0
7298,0,0
7299,0,0
7300,0,0
7301,0,0
7302,0,0
7303,0,0
7304,0,0
7305,0,0
7306,0,0
7307,0,0
7308,0,0
7309,0,0
7310,0,0
7311,0,0
7312,0,0
7313,0,0
7314,0,0
7315,0,0
7316,0,0
7317,0,0
7318,0,0
7319,0,0
7320,0,0
7321,0,0
7322,0,0
7323,0,0
7324,0,0
7325,0,0
7326,0,0
7327,0,0
7328,0,0
7329,0,0
7330,0,0
7331,0,0
7332,0,0
7333,0,0
7334,0,0
7335,0,0
7336,0,0
7337,0,0
7338,0,0
7339,0,0
7340,0,0
7341,0,0
7342,0,0
7343,0,0
7344,0,0
7345,0,0
7346,0,0
7347,0,0
7348,0,0
7349,0,0
7350,0,0
7351,0,0
7352,0,0
7353,0,0
7354,0,0
7355,0,0
7356,0,0
7357,0,0
7358,0,0
7359,0,0
7360,0,0
7361,0,0
7362,0,0
7363,0,0
7364,0,0
7365,0,0
7366,0,0
7367,0,0
7368,0,0
7369,0,0
7370,0,0
7371,0,0
7372,0,0
7373,0,0
7374,0,0
7375,0,0
7376,0,0
7377,0,0
7378,0,0
7379,0,0
7380,0,0
7381,0,0
7382,0,0
7383,0,0
7384,0,0
7385,0,0
7386,0,0
7387,0,0
7388,0,0
7389,0,0
7390,0,0
7391,0,0
7392,0,0
7393,0,0
7394,0,0
7395,0,0
7396,0,0
7397,0,0
7398,0,0
7399,0,0
7400,0,0
7401,0,0
7402,0,0
7403,0,0
7404,0,0
7405,0,0
7406,0,0
7407,0,0
7408,0,0
7409,0,0
7410,0,0
7411,0,0
7412,0,0
7413,0,0
7414,4,0
7415,4,0
7416,4,0
7417,0,0
7418,0,0
7419,0,0
7420,0,0
7421,0,0
7422,0,0
7423,0,0
7424,0,0
7425,0,0
7426,4,0
7427,4,0
7428,4,0
7429,4,0
7430,4,0
7431,4,0
7432,4,0
7433,4,0
7434,4,0
7435,4,0
7436,4,0
7437,4,0
7438,4,0
7439,4,0
7440,4,0
7441,4,0
7442,0,0
7443,4,0
7444,4,0
7445,4,0
7446,4,0
7447,4,0
7448,4,0
7449,4,0
7450,4,0
7451,4,0
7452,4,0
7453,4,0
7454,4,0
7455,4,0
7456,4,0
7457,4,0
7458,4,0
7459,4,0
7460,4,0
7461,4,0
7462,4,0
7463,4,0
7464,4,0
7465,4,0
7466,4,0
7467,4,0
7468,4,0
7469,4,0
7470,4,0
7471,4,0
7472,4,0
7473,4,0
7474,4,0
7475,4,0
7476,4,0
7477,0,0
7478,4,0
7479,4,0
7480,4,0
7481,4,0
7482,4,0
7483,4,0
7484,4,0
7485,4,0
7486,4,0
7487,4,0
7488,4,0
7489,0,0
7490,0,0
7491,0,0
7492,0,0
7493,0,0
7494,0,0
7495,0,0
7496,0,0
7497,0,0
7498,0,0
7499,0,0
7500,0,0
7501,0,0
7502,0,0
7503,0,0
7504,0,0
7505,0,0
7506,0,0
7507,0,0
7508,0,0
7509,0,0
7510,0,0
7511,0,0
7512,0,0
7513,0,0
7514,0,0
7515,4,0
7516,4,0
7517,4,0
7518,4,0
7519,4,0
7520,4,0
7521,4,0
7522,4,0
7523,4,0
7524,4,0
7525,4,0
7526,4,0
7527,4,0
7528,4,0
7529,4,0
7530,4,0
7531,0,0
7532,0,0
7533,0,0
7534,0,0
7535,0,0
7536,0,0
7537,0,0
7538,0,0
7539,0,0
7540,0,0
7541,0,0
7542,0,0
7543,0,0
7544,0,0
7545,0,0
7546,0,0
7547,0,0
7548,0,0
7549,0,0
7550,0,0
7551,0,0
7552,0,0
7553,0,0
7554,0,0
7555,0,0
7556,0,0
7557,0,0
7558,0,0
7559,0,0
7560,0,0
7561,0,0
7562,0,0
7563,0,0
7564,0,0
7565,0,0
7566,0,0
7567,0,0
7568,0,0
7569,0,0
7570,0,0
7571,0,0
7572,0,0
7573,0,0
7574,0,0
7575,0,0
7576,0,0
7577,0,0
7578,0,0
7579,0,0
7580,0,0
7581,0,0
7582,0,0
7583,0,0
7584,0,0
7585,0,0
7586,0,0
7587,0,0
7588,0,0
7589,0,0
7590,0,0
7591,0,0
7592,0,0
7593,0,0
7594,0,0
7595,0,0
7596,0,0
7597,0,0
7598,0,0
7599,0,0
7600,0,0
7601,0,0
7602,0,0
7603,0,0
7604,0,0
7605,0,0
7606,0,0
7607,0,0
7608,0,0
7609,0,0
7610,0,0
7611,0,0
7612,0,0
7613,0,0
7614,0,0
7615,0,0
7616,0,0
7617,0,0
7618,0,0
7619,0,0
7620,0,0
7621,0,0
7622,0,0
7623,0,0
7624,0,0
7625,0,0
7626,0,0
7627,0,0
7628,0,0
7629,0,0
7630,0,0
7631,0,0
7632,0,0
7633,0,0
7634,0,0
7635,0,0
7636,0,0
7637,0,0
7638,0,0
7639,0,0
7640,0,0
7641,0,0
7642,0,0
7643,0,0
7644,0,0
7645,0,0
7646,0,0
7647,0,0
7648,0,0
7649,0,0
7650,0,0
7651,0,0
7652,0,0
7653,0,0
7654,0,0
7655,0,0
7656,0,0
7657,0,0
7658,0,0
7659,0,0
7660,0,0
7661,0,0
7662,0,0
7663,0,0
7664,0,0
7665,0,0
7666,0,0
7667,0,0
7668,0,0
7669,0,0
7670,0,0
7671,0,0
7672,0,0
7673,0,0
7674,0,0
7675,0,0
7676,0,0
7677,0,0
7678,0,0
7679,0,0
7680,0,0
7681,0,0
7682,0,0
7683,0,0
7684,0,0
7685,0,0
7686,0,0
7687,0,0
7688,0,0
7689,0,0
7690,0,0
7691,0,0
7692,0,0
7693,0,0
7694,0,0
7695,0,0
7696,0,0
7697,0,0
7698,0,0
7699,0,0
7700,555,1
7701,555,1
7702,556,1
7703,557,1
7704,558,1
7705,558,1
7706,557,1
7707,557,1
7708,557,1
7709,559,1
7710,559,1
7711,559,1
7712,559,1
7713,559,1
7714,559,1
7715,559,1
7716,559,1
7717,559,1
7718,559,1
7719,559,1
7720,0,0
7721,0,0
7722,0,0
7723,0,0
7724,0,0
7725,0,0
7726,0,0
7727,0,0
7728,0,0
7729,0,0
7730,0,0
7731,0,0
7732,0,0
7733,0,0
7734,0,0
7735,0,0
7736,0,0
7737,0,0
7738,0,0
