frame,persons,mean_disp
0,16,0.0
5,16,2.009669542312622
10,17,2.705510377883911
15,18,2.8128550052642822
20,16,1.8553881645202637
25,16,2.305654287338257
30,16,2.3821256160736084
35,15,1.9736887216567993
40,15,2.3387439250946045
45,15,2.7656261920928955
50,15,2.5873475074768066
55,15,2.966489553451538
60,14,2.5747241973876953
65,14,2.60955548286438
70,16,3.490784168243408
75,18,3.6266212463378906
80,15,2.484804391860962
85,15,2.562225341796875
90,15,2.647597551345825
95,15,2.5353453159332275
100,15,2.7426416873931885
105,16,2.7203474044799805
110,17,2.342700481414795
115,16,2.148390054702759
120,16,2.029919385910034
125,16,2.429732322692871
130,16,2.1270017623901367
135,16,3.381337881088257
140,16,3.735687732696533
145,19,6.197974681854248
150,19,2.0143494606018066
155,19,2.1112282276153564
160,21,3.5727038383483887
165,21,2.416851282119751
170,20,2.122699499130249
175,17,1.9543513059616089
180,17,1.831673264503479
185,17,1.7180242538452148
190,19,2.7497928142547607
195,20,2.6454083919525146
200,19,2.9708619117736816
205,19,1.8502464294433594
210,19,1.8577102422714233
215,20,1.574013590812683
220,19,1.5962187051773071
225,18,2.1049602031707764
230,20,3.8161168098449707
235,18,2.1244943141937256
240,21,2.347532272338867
245,20,2.8609209060668945
250,21,3.386518955230713
255,21,1.8062547445297241
260,19,1.7477775812149048
265,20,1.9513269662857056
270,19,3.199528694152832
275,18,2.1820521354675293
280,17,1.902971625328064
285,18,1.9135998487472534
290,19,4.061445713043213
295,17,1.9170000553131104
300,17,2.151019334793091
305,17,2.010793924331665
310,16,1.9782781600952148
315,18,4.425001621246338
320,15,1.9006513357162476
325,16,3.0329928398132324
330,16,2.0038530826568604
335,16,1.723164677619934
340,16,1.7930866479873657
345,15,1.837806224822998
350,15,1.7456995248794556
355,15,1.9726006984710693
360,14,1.8094196319580078
365,16,4.314891338348389
370,17,1.5325074195861816
375,16,2.134533166885376
380,18,9.598146438598633
385,17,2.1533873081207275
390,18,3.182790756225586
395,18,1.4229025840759277
400,20,2.457828998565674
405,18,1.9872896671295166
410,16,1.9962319135665894
415,15,1.7498619556427002
420,16,3.6414856910705566
425,17,3.423685312271118
430,18,1.7736037969589233
435,17,1.4455525875091553
440,17,2.6833972930908203
445,17,2.585461378097534
450,17,2.209150552749634
455,17,1.7264795303344727
460,18,2.332561492919922
465,16,2.610706329345703
470,17,3.04229998588562
475,17,4.4932146072387695
480,20,3.9748120307922363
485,17,3.3148462772369385
490,17,4.651739597320557
495,17,5.863441467285156
500,19,9.66690731048584
505,19,14.455129623413086
510,17,10.116479873657227
515,17,12.953411102294922
520,17,15.033231735229492
525,11,16.445077896118164
530,14,24.088804244995117
535,17,16.400575637817383
540,10,14.97473430633545
545,13,23.46514892578125
550,10,19.411029815673828
555,8,21.353851318359375
560,6,14.701889038085938
565,7,41.20568084716797
570,6,14.226561546325684
575,6,16.872182846069336
580,3,8.112038612365723
585,1,6.821283340454102
590,1,8.851707458496094
595,1,7.749074935913086
600,2,11.41586971282959
605,1,5.649747371673584
610,1,9.789669036865234
615,0,0.0
620,0,0.0
625,16,0.0
630,18,2.9582271575927734
635,17,2.898609161376953
640,16,1.5265023708343506
645,16,2.0160818099975586
650,16,2.6615242958068848
655,17,1.9462203979492188
660,17,2.0752267837524414
665,16,1.7632415294647217
670,16,1.9196912050247192
675,15,2.0960593223571777
680,15,2.2697396278381348
685,16,2.392434597015381
690,16,1.861963152885437
695,16,1.6469650268554688
700,15,2.1266841888427734
705,15,1.8284717798233032
710,16,2.9677529335021973
715,14,2.43693470954895
720,14,1.8823517560958862
725,15,3.5218026638031006
730,18,3.216963052749634
735,16,1.8972461223602295
740,16,2.0904083251953125
745,19,2.8589670658111572
750,17,2.5252304077148438
755,16,2.419215202331543
760,17,2.5033628940582275
765,16,2.348149299621582
770,16,2.3546361923217773
775,17,2.9092068672180176
780,17,2.5883469581604004
785,15,2.5387966632843018
790,16,2.621412515640259
795,18,2.668877601623535
800,17,2.365906000137329
805,17,2.312013864517212
810,17,2.4194061756134033
815,17,2.554530620574951
820,18,3.642613649368286
825,16,2.485382080078125
830,17,2.404449224472046
835,15,2.3427846431732178
840,18,2.130859136581421
845,17,3.032252788543701
850,16,2.7937397956848145
855,16,2.1085004806518555
860,18,2.6351475715637207
865,16,2.4515249729156494
870,16,2.276467800140381
875,16,2.313385486602783
880,16,2.9627771377563477
885,16,1.867377519607544
890,17,2.222960948944092
895,16,2.440621852874756
900,15,2.166457176208496
905,16,3.022245407104492
910,17,2.265618085861206
915,18,2.3392748832702637
920,16,2.528510808944702
925,16,2.2228808403015137
930,16,1.7717983722686768
935,16,1.8941760063171387
940,17,1.9511362314224243
945,16,2.1367456912994385
950,16,1.9313583374023438
955,16,1.9540464878082275
960,16,1.3788573741912842
965,15,1.620360016822815
970,16,1.9232958555221558
975,17,2.581167697906494
980,16,1.73805832862854
985,17,2.5593738555908203
990,16,1.5490334033966064
995,16,2.0141773223876953
1000,16,2.0622684955596924
1005,16,1.3584104776382446
1010,17,2.1478636264801025
1015,16,1.8620086908340454
1020,17,1.9751286506652832
1025,16,1.5098755359649658
1030,16,1.4529532194137573
1035,16,1.3821899890899658
1040,17,1.808746099472046
1045,16,1.1476624011993408
1050,16,1.482507348060608
1055,16,1.8098640441894531
1060,16,1.3339216709136963
1065,17,2.5059733390808105
1070,18,2.853851556777954
1075,18,1.9151768684387207
1080,17,1.3652633428573608
1085,17,1.2052377462387085
1090,19,2.6370768547058105
1095,18,1.766223669052124
1100,15,1.7289581298828125
1105,17,3.0922796726226807
1110,18,2.5183584690093994
1115,18,1.8370672464370728
1120,17,2.477069616317749
1125,17,2.273139476776123
1130,18,2.9681806564331055
1135,19,2.755013942718506
1140,18,2.254514455795288
1145,16,2.1784000396728516
1150,19,4.093873023986816
1155,21,2.4694693088531494
1160,17,2.3876354694366455
1165,16,1.751244068145752
1170,16,1.9942002296447754
1175,18,3.2785143852233887
1180,15,2.347465753555298
1185,16,2.188505172729492
1190,16,2.1099047660827637
1195,18,3.7517271041870117
1200,18,2.7964842319488525
1205,17,2.4271233081817627
1210,19,2.1469614505767822
1215,16,1.975836157798767
1220,18,2.191664934158325
1225,17,2.502678155899048
1230,17,2.3361093997955322
1235,17,2.6173243522644043
1240,17,2.282503366470337
1245,17,4.011483669281006
1250,16,2.264286994934082
1255,16,2.6210832595825195
1260,16,2.2068305015563965
1265,17,2.488631010055542
1270,15,3.2521586418151855
1275,15,2.8148341178894043
1280,16,3.019392251968384
1285,14,2.2141637802124023
1290,16,3.5255186557769775
1295,16,2.691020965576172
1300,19,6.1934285163879395
1305,22,5.9108428955078125
1310,18,7.200603008270264
1315,21,8.787332534790039
1320,20,9.413881301879883
1325,15,9.2484130859375
1330,12,9.47730541229248
1335,13,15.075204849243164
1340,13,12.534488677978516
1345,10,13.582986831665039
1350,7,7.292504787445068
1355,13,65.39763641357422
1360,5,7.7070770263671875
1365,3,9.54267692565918
1370,4,35.03274154663086
1375,4,8.371198654174805
1380,5,8.138808250427246
1385,3,8.35947036743164
1390,2,7.599503517150879
1395,3,71.26006317138672
1400,3,5.926553249359131
1405,2,8.395915031433105
1410,3,90.87555694580078
1415,2,6.539309501647949
1420,2,7.954830169677734
1425,2,4.151063442230225
1430,2,6.106481552124023
1435,1,3.559652090072632
1440,0,0.0
1445,0,0.0
1450,0,0.0
1455,17,0.0
1460,16,1.1293561458587646
1465,16,1.0426697731018066
1470,15,2.122008800506592
1475,15,1.5516066551208496
1480,15,2.295201063156128
1485,15,5.72683572769165
1490,16,2.511319637298584
1495,16,1.6834149360656738
1500,15,1.139534831047058
1505,16,1.6130787134170532
1510,15,1.7547937631607056
1515,16,5.497472763061523
1520,15,1.0429059267044067
1525,16,1.3559681177139282
1530,17,1.5885348320007324
1535,15,0.8965740203857422
1540,14,0.8222071528434753
1545,13,1.289468765258789
1550,17,3.407249689102173
1555,17,1.2140090465545654
1560,17,0.5475897192955017
1565,15,0.847809910774231
1570,15,1.0144202709197998
1575,15,1.0715043544769287
1580,15,0.7750254273414612
1585,15,1.1452219486236572
1590,14,1.2191699743270874
1595,15,2.6131341457366943
1600,14,1.1471977233886719
1605,14,0.980948269367218
1610,15,5.300873756408691
1615,14,0.8574793934822083
1620,15,5.568876266479492
1625,14,0.9125629663467407
1630,16,6.507662773132324
1635,15,0.8819667100906372
1640,15,2.54280424118042
1645,16,1.5355983972549438
1650,16,1.3071939945220947
1655,16,1.4536266326904297
1660,17,1.2766205072402954
1665,16,1.5211282968521118
1670,19,5.076079368591309
1675,16,2.186746597290039
1680,17,2.370821475982666
1685,15,1.0761046409606934
1690,15,1.3651012182235718
1695,15,1.160284399986267
1700,16,1.9441708326339722
1705,16,5.577752113342285
1710,17,1.3686561584472656
1715,15,1.4708176851272583
1720,16,1.9216878414154053
1725,16,2.2463362216949463
1730,17,1.9879170656204224
1735,16,0.9790437817573547
1740,18,2.3500165939331055
1745,17,1.5814341306686401
1750,18,5.315572738647461
1755,18,1.9260601997375488
1760,17,2.2454164028167725
1765,20,4.317473888397217
1770,19,5.598191261291504
1775,22,6.721338272094727
1780,18,3.210108757019043
1785,20,9.033719062805176
1790,19,6.535623550415039
1795,18,8.139885902404785
1800,16,6.8454694747924805
1805,15,13.908951759338379
1810,18,9.251206398010254
1815,14,9.10191822052002
1820,10,7.94607400894165
1825,12,10.518820762634277
1830,9,8.521665573120117
1835,8,11.122385025024414
1840,6,7.074678897857666
1845,7,11.80341625213623
1850,9,21.077959060668945
1855,7,6.756161689758301
1860,6,6.631479263305664
1865,3,5.191639423370361
1870,4,12.660226821899414
1875,5,18.972524642944336
1880,4,4.129261016845703
1885,3,4.1786274909973145
1890,3,2.9975016117095947
1895,3,4.575464248657227
1900,4,12.224084854125977
1905,4,3.261343479156494
1910,3,15.496795654296875
1915,2,2.261960983276367
1920,4,17.885631561279297
1925,4,3.59844970703125
1930,3,2.1891496181488037
1935,2,2.966754198074341
1940,2,2.7601044178009033
1945,2,2.9987449645996094
1950,2,1.990469217300415
1955,1,2.4546730518341064
1960,2,2.685161828994751
1965,3,15.082257270812988
1970,2,2.0264289379119873
1975,2,0.8940741419792175
1980,2,1.2144969701766968
1985,2,1.236586093902588
1990,2,2.388387441635132
1995,1,0.486090749502182
2000,2,7.007010459899902
2005,15,120.0575180053711
2010,14,0.8583741784095764
2015,14,1.3906543254852295
2020,14,0.7109420895576477
2025,14,0.8713620901107788
2030,17,5.735202789306641
2035,14,4.866161823272705
2040,11,0.6922596096992493
2045,14,6.9071044921875
2050,14,1.5742361545562744
2055,14,1.4288322925567627
2060,14,1.6788718700408936
2065,16,2.576080083847046
2070,15,2.072596549987793
2075,15,5.3023552894592285
2080,15,1.1755573749542236
2085,15,1.4868319034576416
2090,15,2.1697373390197754
2095,16,5.055974960327148
2100,16,1.742999792098999
2105,18,1.620713710784912
2110,17,5.171581745147705
2115,16,0.9173062443733215
2120,18,7.43152379989624
2125,17,1.2548483610153198
2130,17,1.7946974039077759
2135,19,1.926255702972412
2140,18,1.283664584159851
2145,18,1.1714763641357422
2150,16,1.0999603271484375
2155,19,5.038701057434082
2160,19,1.4621319770812988
2165,16,1.330472707748413
2170,17,5.678767204284668
2175,16,1.596055507659912
2180,18,5.510087966918945
2185,17,1.0270538330078125
2190,18,4.733786106109619
2195,19,1.217124342918396
2200,19,1.131047010421753
2205,18,1.0699697732925415
2210,18,1.0135817527770996
2215,17,0.8919286131858826
2220,16,0.9763391017913818
2225,17,2.1792690753936768
2230,14,1.5875723361968994
2235,14,1.4137344360351562
2240,16,2.5267257690429688
2245,18,3.19800066947937
2250,18,2.0011818408966064
2255,18,2.5151572227478027
2260,19,1.9262412786483765
2265,17,1.3617790937423706
2270,18,2.1726629734039307
2275,20,4.087404251098633
2280,20,1.541408658027649
2285,21,1.8156644105911255
2290,19,1.9235470294952393
2295,19,4.991208553314209
2300,17,1.0901919603347778
2305,18,1.6462759971618652
2310,17,1.7447420358657837
2315,17,4.5110368728637695
2320,18,3.082421064376831
2325,16,1.443903923034668
2330,17,4.492089748382568
2335,17,2.1370022296905518
2340,17,3.2562785148620605
2345,17,0.9446320533752441
2350,19,5.085113525390625
2355,18,1.1534345149993896
2360,19,4.579878330230713
2365,19,1.5571506023406982
2370,17,0.9806978702545166
2375,21,7.687108993530273
2380,18,1.9948095083236694
2385,17,5.268383026123047
2390,19,2.1951277256011963
2395,19,1.7265660762786865
2400,20,2.091869831085205
2405,18,1.1989833116531372
2410,19,3.464334487915039
2415,17,2.1596107482910156
2420,19,2.618086338043213
2425,18,3.612931251525879
2430,16,1.6692657470703125
2435,16,1.9890841245651245
2440,18,2.946213722229004
2445,17,3.8885443210601807
2450,17,5.488921642303467
2455,17,1.4521514177322388
2460,14,1.2934178113937378
2465,18,7.424424171447754
2470,16,1.3038041591644287
2475,18,2.0533056259155273
2480,18,1.035510540008545
2485,17,1.7864141464233398
2490,17,1.4372937679290771
2495,18,4.655813217163086
2500,17,1.5538023710250854
2505,18,2.6895246505737305
2510,16,1.1618001461029053
2515,17,1.9942097663879395
2520,18,4.996527671813965
2525,18,1.3201420307159424
2530,17,1.4475655555725098
2535,18,2.133929967880249
2540,19,1.7038720846176147
2545,18,1.6243896484375
2550,20,2.8748879432678223
2555,18,1.2279045581817627
2560,18,1.539934515953064
2565,21,2.4877583980560303
2570,22,2.9731874465942383
2575,21,2.813647985458374
2580,18,2.6496496200561523
2585,19,5.272914886474609
2590,20,4.696227550506592
2595,21,6.237412452697754
2600,22,6.0288896560668945
2605,21,7.900591850280762
2610,21,6.155284881591797
2615,19,6.024106979370117
2620,18,7.351308345794678
2625,14,6.081787586212158
2630,13,6.683631896972656
2635,11,7.257911205291748
2640,9,6.446238040924072
2645,9,6.918142318725586
2650,6,6.17582893371582
2655,6,5.817668437957764
2660,4,4.1009087562561035
2665,3,4.245315074920654
2670,2,4.98928165435791
2675,0,0.0
2680,0,0.0
2685,0,0.0
2690,19,0.0
2695,17,1.2485556602478027
2700,18,5.451699256896973
2705,18,2.2918665409088135
2710,17,1.6340482234954834
2715,16,1.741829514503479
2720,17,1.8461741209030151
2725,16,1.1096854209899902
2730,17,1.7117681503295898
2735,17,5.432208061218262
2740,17,1.1505383253097534
2745,15,0.9865289330482483
2750,15,1.5325113534927368
2755,15,5.882408618927002
2760,14,1.009323239326477
2765,15,2.8819775581359863
2770,16,5.428153038024902
2775,16,6.25120210647583
2780,16,5.498302459716797
2785,14,1.425632357597351
2790,15,5.941538333892822
2795,13,1.5562148094177246
2800,14,6.212421417236328
2805,14,2.8516154289245605
2810,16,5.314481735229492
2815,16,2.3512887954711914
2820,14,1.612355351448059
2825,16,4.450899600982666
2830,16,1.4318814277648926
2835,14,1.3099632263183594
2840,14,1.6251474618911743
2845,15,2.1230101585388184
2850,17,5.993850231170654
2855,17,2.730950355529785
2860,17,1.7566287517547607
2865,19,2.319983959197998
2870,17,1.2523794174194336
2875,19,2.7322070598602295
2880,17,1.1810520887374878
2885,16,1.9588037729263306
2890,16,1.5095698833465576
2895,18,3.59197998046875
2900,17,1.3351325988769531
2905,19,1.9146660566329956
2910,18,1.5952905416488647
2915,19,1.8215705156326294
2920,19,1.3969132900238037
2925,20,1.6822373867034912
2930,18,1.413511872291565
2935,18,6.624406814575195
2940,19,4.755589485168457
2945,19,1.600500226020813
2950,19,1.4731512069702148
2955,19,1.526755452156067
2960,19,4.111316680908203
2965,18,1.4031457901000977
2970,19,2.604370355606079
2975,17,5.251388072967529
2980,23,3.3968873023986816
2985,20,2.2936365604400635
2990,18,1.7129807472229004
2995,19,2.5381782054901123
3000,20,2.1950669288635254
3005,19,1.8304859399795532
3010,18,2.3753418922424316
3015,21,5.293528079986572
3020,21,2.19028902053833
3025,20,2.068906784057617
3030,18,2.8506336212158203
3035,20,4.397056579589844
3040,18,2.293205499649048
3045,18,2.192613124847412
3050,20,4.698221206665039
3055,19,1.8269858360290527
3060,16,1.3286041021347046
3065,17,4.551920413970947
3070,19,5.258509159088135
3075,19,2.453263998031616
3080,21,3.313241481781006
3085,20,1.9608972072601318
3090,20,2.3048274517059326
3095,19,1.4809606075286865
3100,20,4.62157678604126
3105,20,3.5990843772888184
3110,17,1.1244343519210815
3115,19,3.531583309173584
3120,20,4.970616817474365
3125,18,1.26821768283844
3130,20,3.3401215076446533
3135,18,1.5780678987503052
3140,18,1.6468595266342163
3145,19,5.2795538902282715
3150,19,1.7452290058135986
3155,17,1.6453275680541992
3160,18,2.0873210430145264
3165,17,2.1323814392089844
3170,17,2.8976030349731445
3175,17,2.3333041667938232
3180,17,2.353097438812256
3185,15,2.788895606994629
3190,17,7.530689716339111
3195,15,3.7475483417510986
3200,16,6.552308559417725
3205,15,5.353091239929199
3210,15,5.678455829620361
3215,14,4.6849212646484375
3220,10,6.323456287384033
3225,12,7.588991641998291
3230,9,10.385872840881348
3235,14,45.56275177001953
3240,10,4.292731761932373
3245,11,4.637442111968994
3250,9,5.492710113525391
3255,7,7.314442157745361
3260,6,4.425581932067871
3265,5,5.738790988922119
3270,6,16.87652587890625
3275,6,5.703567981719971
3280,7,3.1537892818450928
3285,5,1.892784833908081
3290,4,3.109969139099121
3295,6,9.01120662689209
3300,6,4.828486442565918
3305,6,1.9175797700881958
3310,5,1.1426559686660767
3315,5,2.19416880607605
3320,4,1.4717864990234375
3325,4,1.1267904043197632
3330,4,1.836634874343872
3335,5,4.460474014282227
3340,4,1.0421814918518066
3345,4,0.6609453558921814
3350,4,1.2170060873031616
3355,5,1.5232726335525513
3360,4,7.471552848815918
3365,4,1.0915751457214355
3370,3,2.77736759185791
3375,4,5.694519996643066
3380,4,1.9199347496032715
3385,3,2.6295430660247803
3390,2,3.5403361320495605
3395,2,1.982777714729309
3400,2,1.5734667778015137
3405,2,1.2992370128631592
3410,2,1.821578860282898
3415,0,0.0
3420,2,0.0
3425,3,4.109530925750732
3430,2,0.3230901062488556
3435,2,0.21892336010932922
3440,2,0.2919870913028717
3445,2,0.2577611207962036
3450,2,0.3437884449958801
3455,18,105.2627944946289
3460,18,1.0067613124847412
3465,19,3.325605869293213
3470,19,4.030416965484619
3475,20,6.030946254730225
3480,20,1.2467808723449707
3485,19,1.1799484491348267
3490,21,4.5840163230896
3495,20,1.1987227201461792
3500,20,1.6787550449371338
3505,21,2.7676892280578613
3510,22,2.7324297428131104
3515,23,2.229658603668213
3520,23,3.7862651348114014
3525,22,1.3483158349990845
3530,24,3.0563595294952393
3535,22,1.3392401933670044
3540,22,1.3083258867263794
3545,23,1.5112919807434082
3550,21,1.4920543432235718
3555,20,1.3146148920059204
3560,23,2.240196704864502
3565,20,1.8756179809570312
3570,22,3.3770973682403564
3575,22,1.31922447681427
3580,22,1.2855271100997925
3585,22,1.7280806303024292
3590,22,1.5021651983261108
3595,22,3.4180924892425537
3600,21,1.7929246425628662
3605,20,1.2934225797653198
3610,21,1.603567361831665
3615,22,3.6885299682617188
3620,21,1.4983456134796143
3625,20,1.4539732933044434
3630,21,2.2501254081726074
3635,21,2.4246182441711426
3640,19,1.84538733959198
3645,17,1.5790469646453857
3650,17,1.1726374626159668
3655,18,5.161128997802734
3660,20,2.902103900909424
3665,20,3.249598979949951
3670,19,5.103466987609863
3675,17,1.8189066648483276
3680,17,1.5079923868179321
3685,18,1.5837937593460083
3690,17,2.320361852645874
3695,14,0.9670416712760925
3700,14,0.6970642805099487
3705,13,0.5048937201499939
3710,14,1.4263172149658203
3715,14,0.7187265753746033
3720,15,5.154534816741943
3725,14,0.4133545756340027
3730,16,4.4536566734313965
3735,15,5.333588600158691
3740,15,3.348816394805908
3745,17,4.872951030731201
3750,17,1.0136616230010986
3755,18,4.527482986450195
3760,18,0.935344398021698
3765,18,1.0566970109939575
3770,18,0.6450034379959106
3775,18,0.9867889881134033
3780,17,1.0395898818969727
3785,17,2.270780086517334
3790,16,0.8694286346435547
3795,14,0.9332825541496277
3800,17,6.095203876495361
3805,16,1.2176324129104614
3810,15,0.9504360556602478
3815,16,1.1349234580993652
3820,15,0.5961781740188599
3825,17,7.037264823913574
3830,16,0.6621034145355225
3835,17,5.549653053283691
3840,15,1.2613427639007568
3845,15,4.418829917907715
3850,15,6.266737461090088
3855,16,1.5788671970367432
3860,17,1.4362815618515015
3865,17,1.1437269449234009
3870,16,0.7213150858879089
3875,16,5.368566513061523
3880,15,0.9633859992027283
3885,16,1.2177038192749023
3890,15,0.8181402683258057
3895,15,0.6902040243148804
3900,16,1.7304896116256714
3905,19,6.890946388244629
3910,20,3.7285256385803223
3915,18,2.6387953758239746
3920,18,3.5435173511505127
3925,19,3.9485385417938232
3930,18,4.8911848068237305
3935,21,7.091928482055664
3940,19,6.49631404876709
3945,15,7.280782699584961
3950,17,8.317014694213867
3955,12,6.823176860809326
3960,13,8.206302642822266
3965,9,8.756492614746094
3970,11,9.386821746826172
3975,9,8.473651885986328
3980,8,6.192607879638672
3985,5,5.511396408081055
3990,3,5.114452838897705
3995,3,3.5708580017089844
4000,1,6.68682861328125
4005,1,4.723628997802734
4010,0,0.0
4015,0,0.0
4020,0,0.0
4025,0,0.0
4030,0,0.0
4035,19,0.0
4040,20,1.9876060485839844
4045,20,1.7831207513809204
4050,20,1.7706964015960693
4055,18,1.2735466957092285
4060,16,1.3876672983169556
4065,18,4.156947612762451
4070,19,7.379278182983398
4075,22,2.153451919555664
4080,18,1.0822830200195312
4085,17,1.3728972673416138
4090,17,1.282868504524231
4095,19,1.7178107500076294
4100,19,4.0674662590026855
4105,19,1.3120222091674805
4110,21,5.217743873596191
4115,21,1.4638110399246216
4120,19,1.316676139831543
4125,21,4.2782206535339355
4130,20,1.3051788806915283
4135,23,5.285025119781494
4140,21,1.895264983177185
4145,22,3.818732261657715
4150,22,1.2515515089035034
4155,22,2.0301005840301514
4160,21,1.322281837463379
4165,21,1.3946460485458374
4170,22,1.629319429397583
4175,22,2.079772710800171
4180,22,1.2981008291244507
4185,22,1.2276841402053833
4190,22,1.9756141901016235
4195,21,2.1040587425231934
4200,20,2.4057071208953857
4205,20,2.1833996772766113
4210,19,1.9591974020004272
4215,20,2.8227052688598633
4220,21,2.574725866317749
4225,20,1.928044080734253
4230,19,2.2091755867004395
4235,19,2.7370686531066895
4240,20,7.544057369232178
4245,20,2.1545679569244385
4250,20,1.9138805866241455
4255,19,1.7387751340866089
4260,19,1.375929355621338
4265,19,1.5787934064865112
4270,18,1.5251374244689941
4275,20,3.784560441970825
4280,20,1.9347597360610962
4285,22,1.7642544507980347
4290,21,2.806196689605713
4295,20,2.613302707672119
4300,18,2.3054356575012207
4305,19,3.4669501781463623
4310,19,2.5580735206604004
4315,19,1.575551986694336
4320,18,1.3692479133605957
4325,19,2.842020034790039
4330,18,1.3667387962341309
4335,21,2.466315984725952
4340,20,1.9110310077667236
4345,18,1.5629819631576538
4350,20,1.6310886144638062
4355,19,1.3705521821975708
4360,18,2.467099666595459
4365,19,5.328475475311279
4370,17,1.5514744520187378
4375,17,1.7378281354904175
4380,16,2.0408079624176025
4385,18,4.059229850769043
4390,17,5.972684860229492
4395,16,2.2296035289764404
4400,16,2.188990831375122
4405,16,5.470223903656006
4410,16,2.337947368621826
4415,14,1.5697749853134155
4420,16,3.8871304988861084
4425,17,2.482891082763672
4430,16,2.9838809967041016
4435,13,1.4985921382904053
4440,15,3.0575578212738037
4445,15,1.4443435668945312
4450,15,2.524041175842285
4455,17,3.16827392578125
4460,18,2.6227777004241943
4465,16,1.5973150730133057
4470,18,2.8389577865600586
4475,17,2.078477144241333
4480,16,1.8200417757034302
4485,15,1.3312932252883911
4490,16,1.8722254037857056
4495,18,2.9944300651550293
4500,18,2.177818536758423
4505,17,3.222425937652588
4510,16,2.768225908279419
4515,15,4.9553422927856445
4520,16,6.192436218261719
4525,19,3.3712158203125
4530,20,6.76959228515625
4535,19,2.0478909015655518
4540,20,2.410715341567993
4545,19,2.453420639038086
4550,18,1.8899407386779785
4555,19,5.020851135253906
4560,20,4.139008045196533
4565,20,2.1669116020202637
4570,17,2.118628978729248
4575,18,5.532876968383789
4580,18,2.2264440059661865
4585,20,2.576986312866211
4590,20,4.162966251373291
4595,22,3.6988043785095215
4600,20,2.212029457092285
4605,21,1.9541352987289429
4610,20,2.011962890625
4615,20,2.838682174682617
4620,23,3.9286916255950928
4625,18,1.4738616943359375
4630,18,1.7820137739181519
4635,17,1.4825347661972046
4640,17,1.6462692022323608
4645,17,2.0422632694244385
4650,18,5.610361099243164
4655,18,1.7073566913604736
4660,17,1.7590609788894653
4665,16,1.6712265014648438
4670,17,2.173447608947754
4675,15,1.5133556127548218
4680,18,12.237964630126953
4685,17,2.080118179321289
4690,19,6.776787281036377
4695,20,2.9866461753845215
4700,17,2.886247158050537
4705,19,1.8956865072250366
4710,20,3.1201281547546387
4715,18,1.532220721244812
4720,18,2.587357521057129
4725,19,4.822164535522461
4730,19,2.9623093605041504
4735,21,4.318285942077637
4740,20,1.4549903869628906
4745,21,2.259089946746826
4750,23,3.6988463401794434
4755,21,1.7908941507339478
4760,22,2.108741283416748
4765,21,2.4761452674865723
4770,21,2.5549449920654297
4775,23,3.4236745834350586
4780,20,2.7344307899475098
4785,22,4.63487434387207
4790,24,9.177175521850586
4795,17,7.163139820098877
4800,20,7.134037971496582
4805,22,8.404007911682129
4810,21,8.48845386505127
4815,20,8.17471981048584
4820,19,7.3852858543396
4825,21,8.17510986328125
4830,16,7.098389148712158
4835,16,8.664852142333984
4840,10,5.97810173034668
4845,9,13.43124008178711
4850,9,6.581674575805664
4855,9,9.455507278442383
4860,6,5.0010504722595215
4865,6,13.600083351135254
4870,6,6.968980312347412
4875,6,17.736692428588867
4880,5,12.177897453308105
4885,1,4.495551586151123
4890,1,3.3215134143829346
4895,1,3.654832363128662
4900,1,2.488744020462036
4905,1,4.5450568199157715
4910,1,3.5624027252197266
4915,1,1.0586405992507935
4920,1,2.702338457107544
4925,1,3.430483818054199
4930,21,112.383056640625
4935,22,2.396845579147339
4940,20,1.2706959247589111
4945,18,5.013948440551758
4950,19,3.4399197101593018
4955,20,4.80147647857666
4960,21,1.9903920888900757
4965,22,4.694840908050537
4970,20,1.5539798736572266
4975,20,4.274499893188477
4980,20,1.2653706073760986
4985,20,2.1137187480926514
4990,19,1.3118679523468018
4995,21,4.727050304412842
5000,19,1.353837490081787
5005,19,1.0548845529556274
5010,18,1.1669784784317017
5015,20,6.2757062911987305
5020,19,1.587554693222046
5025,20,5.0429582595825195
5030,18,1.5361915826797485
5035,18,2.973367929458618
5040,20,3.6593005657196045
5045,17,1.689363956451416
5050,20,6.221606731414795
5055,19,2.0805721282958984
5060,20,1.59907066822052
5065,18,1.3220443725585938
5070,17,5.37593412399292
5075,18,1.9376084804534912
5080,20,2.2259058952331543
5085,17,1.744439959526062
5090,18,2.600565195083618
5095,21,5.2286224365234375
5100,18,1.5232359170913696
5105,19,2.0910422801971436
5110,18,1.6662275791168213
5115,20,6.419938564300537
5120,19,1.515319585800171
5125,19,5.518763542175293
5130,19,2.579453706741333
5135,20,1.6447789669036865
5140,20,1.9843389987945557
5145,18,1.514489769935608
5150,18,1.461958646774292
5155,19,1.6477843523025513
5160,20,2.619694232940674
5165,20,1.2417347431182861
5170,19,1.1520559787750244
5175,21,2.8028039932250977
5180,19,1.2021520137786865
5185,18,0.862140417098999
5190,19,2.091425657272339
5195,20,3.3825316429138184
5200,19,1.151251196861267
5205,20,1.6165319681167603
5210,19,1.3996641635894775
5215,20,1.4694181680679321
5220,19,2.3203446865081787
5225,18,1.34055757522583
5230,17,2.5772297382354736
5235,17,2.1799046993255615
5240,17,1.7017526626586914
5245,18,1.9345784187316895
5250,18,2.3529672622680664
5255,18,4.563161849975586
5260,18,0.742180585861206
5265,18,0.741313099861145
5270,19,1.7394670248031616
5275,17,1.0649423599243164
5280,17,1.0219721794128418
5285,18,5.319765090942383
5290,16,0.8318877220153809
5295,17,1.6534374952316284
5300,19,1.336501121520996
5305,18,2.253960132598877
5310,18,1.1508965492248535
5315,19,2.070260524749756
5320,17,0.94471675157547
5325,20,2.0374627113342285
5330,18,1.0988188982009888
5335,19,3.3594303131103516
5340,18,0.976286768913269
5345,20,1.8971636295318604
5350,20,3.784376859664917
5355,20,1.6434657573699951
5360,18,0.8568304181098938
5365,19,4.266890525817871
5370,19,2.1408205032348633
5375,20,4.870936393737793
5380,19,1.0586295127868652
5385,18,1.3255715370178223
5390,17,3.000438928604126
5395,17,5.78277587890625
5400,19,9.99302864074707
5405,18,3.886101722717285
5410,15,4.409459114074707
5415,16,9.346305847167969
5420,19,7.649001121520996
5425,16,4.275122165679932
5430,15,4.864936828613281
5435,16,4.56413459777832
5440,13,4.90837287902832
5445,11,5.303171157836914
5450,12,8.37548828125
5455,10,5.099043846130371
5460,9,4.291932582855225
5465,8,4.970315456390381
5470,9,10.473461151123047
5475,9,6.349739074707031
5480,5,7.563258171081543
5485,6,16.779706954956055
5490,6,10.252449035644531
5495,4,2.2333383560180664
5500,4,2.1069512367248535
5505,4,10.613616943359375
5510,5,5.519278049468994
5515,4,1.0361645221710205
5520,4,1.384570598602295
5525,2,2.9638943672180176
5530,2,18.737281799316406
5535,1,1.46012282371521
5540,2,10.424478530883789
5545,3,15.579028129577637
5550,3,2.541740655899048
5555,1,2.399062156677246
5560,1,1.7084965705871582
5565,1,0.32058119773864746
5570,2,8.768481254577637
5575,2,2.0020880699157715
5580,1,1.9607971906661987
5585,1,0.810197651386261
5590,1,2.111401319503784
5595,1,0.7054550051689148
5600,20,89.99309539794922
5605,19,4.328491687774658
5610,21,4.852625370025635
5615,19,5.040608882904053
5620,22,5.56657600402832
5625,22,4.960847854614258
5630,19,3.595050096511841
5635,23,5.498505115509033
5640,20,3.6691718101501465
5645,17,2.7708468437194824
5650,17,3.7899169921875
5655,19,4.374135494232178
5660,19,3.7461795806884766
5665,15,2.6897528171539307
5670,17,4.881031036376953
5675,21,6.1241068840026855
5680,20,5.297135829925537
5685,21,4.790615081787109
5690,20,2.4191646575927734
5695,20,2.232954740524292
5700,21,3.208707571029663
5705,19,4.589883804321289
5710,21,2.776585102081299
5715,22,5.147378444671631
5720,19,3.960130453109741
5725,18,4.4863362312316895
5730,22,6.087696552276611
5735,20,4.855647087097168
5740,20,4.892148017883301
5745,18,3.1457395553588867
5750,15,3.5621488094329834
5755,20,7.546504974365234
5760,16,4.399003028869629
5765,21,5.932476997375488
5770,25,8.165589332580566
5775,20,4.510750770568848
5780,19,6.167631149291992
5785,22,5.6210551261901855
5790,20,4.5812835693359375
5795,19,3.9473907947540283
5800,21,6.157673358917236
5805,21,6.094807147979736
5810,18,3.7493693828582764
5815,23,8.733155250549316
5820,21,3.787604808807373
5825,17,4.720263957977295
5830,18,5.704992294311523
5835,21,5.726510047912598
5840,22,4.795687675476074
5845,21,4.531515121459961
5850,18,4.588949680328369
5855,18,4.375603199005127
5860,21,5.93036413192749
5865,18,4.642727851867676
5870,18,4.574323654174805
5875,19,7.268742561340332
5880,15,3.92128849029541
5885,19,8.223101615905762
5890,18,4.296470642089844
5895,19,4.828310012817383
5900,21,4.1546549797058105
5905,21,4.647803783416748
5910,19,5.6312336921691895
5915,18,5.285732746124268
5920,20,8.223066329956055
5925,22,5.076694965362549
5930,19,4.867090225219727
5935,21,4.828380107879639
5940,20,3.0404441356658936
5945,21,4.023203372955322
5950,21,4.171530246734619
5955,23,4.197960376739502
5960,22,4.320219039916992
5965,21,4.387226104736328
5970,24,4.219709873199463
5975,22,7.508829116821289
5980,22,4.22291374206543
5985,19,4.9755730628967285
5990,19,4.0005598068237305
5995,23,4.296288967132568
6000,20,6.541152000427246
6005,19,4.6408209800720215
6010,22,4.45726203918457
6015,21,3.4198436737060547
6020,17,4.621036529541016
6025,16,3.8785464763641357
6030,18,4.130757808685303
6035,18,3.94342041015625
6040,20,4.279347896575928
6045,19,4.619932651519775
6050,21,4.139225482940674
6055,20,3.506143569946289
6060,19,4.6182098388671875
6065,21,4.964778900146484
6070,22,4.914083480834961
6075,20,5.7184600830078125
6080,18,6.718061447143555
6085,17,3.5879595279693604
6090,20,15.691312789916992
6095,20,4.921551704406738
6100,22,7.4270830154418945
6105,19,4.760434627532959
6110,23,6.983345985412598
6115,20,5.523290157318115
6120,21,8.786055564880371
6125,19,7.4010210037231445
6130,22,6.703037738800049
6135,19,5.6779069900512695
6140,18,6.309599876403809
6145,21,13.380806922912598
6150,25,8.397967338562012
6155,23,9.631840705871582
6160,26,10.642438888549805
6165,22,12.963933944702148
6170,21,13.317971229553223
6175,15,16.299219131469727
6180,20,23.002159118652344
6185,12,13.57025146484375
6190,13,16.666318893432617
6195,14,14.164329528808594
6200,11,14.003414154052734
6205,11,9.873207092285156
6210,10,17.261980056762695
6215,6,11.622733116149902
6220,2,12.983861923217773
6225,3,25.276090621948242
6230,2,7.254627227783203
6235,2,66.5648193359375
6240,4,17.115541458129883
6245,1,1.9603421688079834
6250,1,1.6030914783477783
6255,20,115.19093322753906
6260,22,5.181604385375977
6265,20,5.644618034362793
6270,23,5.800687789916992
6275,20,3.7049319744110107
6280,19,4.464055061340332
6285,19,5.745920658111572
6290,21,6.04062557220459
6295,21,3.7929015159606934
6300,19,3.6681435108184814
6305,20,4.391692161560059
6310,21,3.6684467792510986
6315,23,5.7449049949646
6320,22,4.645735740661621
6325,22,5.385918617248535
6330,20,6.752140045166016
6335,20,9.145418167114258
6340,22,5.162637710571289
6345,18,3.367272138595581
6350,21,6.675328731536865
6355,22,5.821730136871338
6360,16,4.060911178588867
6365,24,9.005066871643066
6370,20,5.503190517425537
6375,23,7.137805461883545
6380,23,4.634705543518066
6385,21,5.027887344360352
6390,22,6.813711643218994
6395,22,5.927732467651367
6400,21,7.473169326782227
6405,24,6.98494291305542
6410,24,7.104820251464844
6415,21,4.842690467834473
6420,22,3.8192930221557617
6425,23,4.592596530914307
6430,19,3.380483627319336
6435,21,4.238522052764893
6440,21,4.4131879806518555
6445,23,5.652426242828369
6450,19,5.6507887840271
6455,17,4.311603546142578
6460,17,4.000007629394531
6465,21,6.468024253845215
6470,21,3.770840883255005
6475,15,3.7041032314300537
6480,16,3.9245195388793945
6485,14,4.515837669372559
6490,20,10.383056640625
6495,19,5.320215702056885
6500,20,4.583480358123779
6505,19,5.278609275817871
6510,20,6.587851047515869
6515,20,4.749513626098633
6520,23,5.779565334320068
6525,18,4.544088363647461
6530,22,5.507265567779541
6535,24,5.0135064125061035
6540,23,3.9301559925079346
6545,25,5.945462226867676
6550,23,3.561323642730713
6555,25,6.4107346534729
6560,27,5.76188850402832
6565,27,4.493643283843994
6570,23,8.293152809143066
6575,26,5.043003559112549
6580,22,5.787201404571533
6585,27,6.709636688232422
6590,26,4.689068794250488
6595,23,5.592345714569092
6600,23,6.768530368804932
6605,26,6.075732707977295
6610,28,3.9523677825927734
6615,25,6.3080549240112305
6620,26,6.983078479766846
6625,24,5.097036838531494
6630,23,4.816267967224121
6635,22,5.099023818969727
6640,22,7.334485054016113
6645,23,6.159026622772217
6650,23,5.625360012054443
6655,21,3.529025077819824
6660,21,3.792695999145508
6665,22,4.873599529266357
6670,23,5.111815452575684
6675,23,3.8206779956817627
6680,23,5.205196857452393
6685,25,4.743710994720459
6690,23,3.659832239151001
6695,24,6.173516750335693
6700,26,3.795689821243286
6705,21,3.5468993186950684
6710,24,4.481571674346924
6715,20,4.0632429122924805
6720,25,6.468133449554443
6725,25,4.329033374786377
6730,21,4.822988033294678
6735,21,5.150672435760498
6740,19,7.547719955444336
6745,22,5.232547760009766
6750,20,3.199570417404175
6755,26,7.907837390899658
6760,20,5.0355424880981445
6765,20,5.580750465393066
6770,24,5.6659064292907715
6775,23,3.034691095352173
6780,27,7.7022881507873535
6785,24,5.6055169105529785
6790,21,4.567389488220215
6795,22,5.434200286865234
6800,23,4.468296051025391
6805,21,4.5413031578063965
6810,21,5.353296756744385
6815,20,4.92653226852417
6820,22,5.851521015167236
6825,19,6.766373634338379
6830,28,8.32498550415039
6835,27,7.758346080780029
6840,21,11.589109420776367
6845,16,12.93851089477539
6850,14,16.479183197021484
6855,19,18.525924682617188
6860,12,17.947404861450195
6865,8,18.24265480041504
6870,12,36.26696014404297
6875,10,13.895011901855469
6880,6,18.913978576660156
6885,7,19.521759033203125
6890,4,12.576236724853516
6895,6,14.163928985595703
6900,4,11.555861473083496
6905,3,22.0707950592041
6910,2,9.879108428955078
6915,3,10.670220375061035
6920,3,9.203269958496094
6925,3,9.106879234313965
6930,3,7.4505462646484375
6935,16,110.84503173828125
6940,16,3.0872838497161865
6945,15,2.315077304840088
6950,16,4.007809638977051
6955,16,3.754995107650757
6960,18,5.7824225425720215
6965,15,2.765390634536743
6970,16,5.729071140289307
6975,17,5.46410608291626
6980,18,7.068544387817383
6985,18,2.7434704303741455
6990,16,2.94622540473938
6995,16,3.770721435546875
7000,16,4.063560485839844
7005,17,5.331994533538818
7010,18,2.8836798667907715
7015,16,3.3888559341430664
7020,16,3.4774744510650635
7025,18,5.2564239501953125
7030,18,3.4968905448913574
7035,19,3.804232120513916
7040,16,3.387578010559082
7045,20,7.950206756591797
7050,17,2.6262733936309814
7055,18,3.9919137954711914
7060,17,3.7444019317626953
7065,17,3.7130661010742188
7070,19,6.148700714111328
7075,19,4.743571758270264
7080,18,2.888848066329956
7085,18,4.440553665161133
7090,18,4.594973564147949
7095,16,3.646967887878418
7100,16,3.3803110122680664
7105,18,6.103436470031738
7110,18,4.3621625900268555
7115,20,4.089382648468018
7120,21,4.61205530166626
7125,16,3.756885528564453
7130,17,3.8855199813842773
7135,19,4.062595844268799
7140,17,3.3113231658935547
7145,18,4.637168884277344
7150,17,4.215215682983398
7155,18,4.032169818878174
7160,19,3.7498137950897217
7165,19,3.2557713985443115
7170,18,4.323617935180664
7175,17,2.9372456073760986
7180,18,3.906869649887085
7185,17,2.5641214847564697
7190,18,3.4864933490753174
7195,19,3.487415075302124
7200,16,3.6247897148132324
7205,16,3.8504862785339355
7210,16,2.612199306488037
7215,17,5.481901168823242
7220,19,4.794091701507568
7225,17,2.6151270866394043
7230,18,3.128056526184082
7235,18,2.9155728816986084
7240,19,3.3583598136901855
7245,16,2.9509756565093994
7250,18,3.9056711196899414
7255,17,3.3935599327087402
7260,17,2.3235652446746826
7265,17,6.174525737762451
7270,17,2.88515043258667
7275,15,2.8572659492492676
7280,15,6.4835205078125
7285,16,2.7705655097961426
7290,16,2.9867007732391357
7295,16,6.254223346710205
7300,16,2.923734664916992
7305,19,5.948403835296631
7310,17,2.2058753967285156
7315,18,4.267581462860107
7320,18,5.678486347198486
7325,15,2.7470297813415527
7330,18,5.755863666534424
7335,17,2.8817317485809326
7340,15,2.8651809692382812
7345,17,3.6575984954833984
7350,15,2.4154675006866455
7355,15,2.5179600715637207
7360,17,2.6271636486053467
7365,15,3.2044878005981445
7370,16,4.283587455749512
7375,15,3.2787411212921143
7380,16,2.4507532119750977
7385,15,2.547713279724121
7390,15,3.5396859645843506
7395,16,3.8641109466552734
7400,17,3.040043354034424
7405,15,2.6136724948883057
7410,15,2.791308641433716
7415,17,3.347496509552002
7420,20,3.556992769241333
7425,14,2.6005465984344482
7430,16,5.79364013671875
7435,15,3.1053266525268555
7440,16,2.7110848426818848
7445,16,3.217878818511963
7450,15,3.309384822845459
7455,15,3.047147512435913
7460,15,2.8224329948425293
7465,16,3.85025691986084
7470,15,3.554468870162964
7475,14,2.977152109146118
7480,15,5.101639747619629
7485,15,2.960338592529297
7490,17,3.5078625679016113
7495,16,5.3792009353637695
7500,16,2.951519250869751
7505,15,3.2497379779815674
7510,16,3.6196839809417725
7515,16,3.839503049850464
7520,20,4.83803129196167
7525,15,3.454143762588501
7530,16,3.8332929611206055
7535,16,5.692715644836426
7540,17,2.4606029987335205
7545,16,1.6257553100585938
7550,16,3.2668023109436035
7555,16,3.0090999603271484
7560,16,3.570089817047119
7565,16,3.099702835083008
7570,15,2.0725555419921875
7575,15,2.5060882568359375
7580,16,3.0775389671325684
7585,15,2.8728690147399902
7590,15,2.55122709274292
7595,15,2.5223329067230225
7600,15,2.8747475147247314
7605,15,3.43278169631958
7610,15,3.430727243423462
7615,15,3.017582893371582
7620,15,2.682032823562622
7625,15,3.729884386062622
7630,15,3.753537893295288
7635,15,3.5471084117889404
7640,15,2.831517457962036
7645,14,3.8205912113189697
7650,18,5.98112678527832
7655,16,5.098842620849609
7660,16,7.991372108459473
7665,18,9.096333503723145
7670,20,13.821922302246094
7675,13,10.834076881408691
7680,15,13.39487361907959
7685,14,11.474416732788086
7690,13,10.876151084899902
7695,10,8.319184303283691
7700,7,4.795615196228027
7705,5,47.765933990478516
7710,5,4.784716606140137
7715,5,5.231848239898682
7720,5,35.3902587890625
7725,4,5.595231056213379
7730,0,0.0
7735,0,0.0
