frame,n_persons,clip_id
0,16,0
1,16,0
2,16,0
3,17,0
4,17,0
5,16,0
6,17,0
7,16,0
8,16,0
9,16,0
10,16,0
11,17,0
12,17,0
13,16,0
14,16,0
15,17,0
16,16,0
17,16,0
18,16,0
19,16,0
20,16,0
21,16,0
22,16,0
23,16,0
24,16,0
25,16,0
26,16,0
27,16,0
28,16,0
29,15,0
30,15,0
31,15,0
32,15,0
33,15,0
34,15,0
35,15,0
36,14,0
37,15,0
38,15,0
39,15,0
40,15,0
41,15,0
42,15,0
43,15,0
44,15,0
45,15,0
46,15,0
47,15,0
48,15,0
49,15,0
50,15,0
51,15,0
52,15,0
53,16,0
54,15,0
55,15,0
56,15,0
57,15,0
58,15,0
59,15,0
60,14,0
61,14,0
62,14,0
63,14,0
64,14,0
65,14,0
66,15,0
67,15,0
68,15,0
69,15,0
70,15,0
71,15,0
72,15,0
73,15,0
74,15,0
75,16,0
76,15,0
77,15,0
78,15,0
79,15,0
80,15,0
81,15,0
82,15,0
83,15,0
84,15,0
85,15,0
86,15,0
87,15,0
88,16,0
89,15,0
90,15,0
91,15,0
92,16,0
93,15,0
94,15,0
95,15,0
96,15,0
97,15,0
98,15,0
99,15,0
100,15,0
101,15,0
102,16,0
103,16,0
104,16,0
105,16,0
106,16,0
107,16,0
108,17,0
109,16,0
110,16,0
111,16,0
112,17,0
113,16,0
114,15,0
115,16,0
116,16,0
117,15,0
118,15,0
119,15,0
120,16,0
121,16,0
122,16,0
123,16,0
124,16,0
125,16,0
126,16,0
127,16,0
128,16,0
129,16,0
130,15,0
131,16,0
132,16,0
133,16,0
134,15,0
135,16,0
136,16,0
137,16,0
138,16,0
139,15,0
140,15,0
141,15,0
142,16,0
143,17,0
144,17,0
145,18,0
146,18,0
147,18,0
148,18,0
149,18,0
150,19,0
151,19,0
152,19,0
153,19,0
154,19,0
155,19,0
156,19,0
157,19,0
158,19,0
159,19,0
160,19,0
161,20,0
162,20,0
163,20,0
164,20,0
165,20,0
166,20,0
167,20,0
168,19,0
169,19,0
170,20,0
171,20,0
172,20,0
173,18,0
174,17,0
175,17,0
176,17,0
177,17,0
178,17,0
179,17,0
180,17,0
181,17,0
182,17,0
183,17,0
184,17,0
185,17,0
186,18,0
187,18,0
188,18,0
189,18,0
190,18,0
191,18,0
192,18,0
193,19,0
194,19,0
195,20,0
196,20,0
197,19,0
198,19,0
199,19,0
200,19,0
201,19,0
202,19,0
203,19,0
204,19,0
205,18,0
206,19,0
207,19,0
208,19,0
209,19,0
210,19,0
211,19,0
212,19,0
213,19,0
214,18,0
215,19,0
216,18,0
217,18,0
218,18,0
219,19,0
220,19,0
221,18,0
222,18,0
223,18,0
224,18,0
225,18,0
226,18,0
227,18,0
228,18,0
229,18,0
230,18,0
231,19,0
232,19,0
233,19,0
234,20,0
235,18,0
236,18,0
237,19,0
238,19,0
239,19,0
240,19,0
241,18,0
242,20,0
243,20,0
244,19,0
245,18,0
246,18,0
247,19,0
248,19,0
249,18,0
250,19,0
251,20,0
252,20,0
253,20,0
254,20,0
255,20,0
256,20,0
257,20,0
258,21,0
259,18,0
260,20,0
261,19,0
262,19,0
263,18,0
264,20,0
265,18,0
266,18,0
267,18,0
268,18,0
269,19,0
270,18,0
271,18,0
272,18,0
273,18,0
274,18,0
275,17,0
276,17,0
277,18,0
278,17,0
279,18,0
280,17,0
281,18,0
282,18,0
283,18,0
284,18,0
285,18,0
286,19,0
287,18,0
288,18,0
289,17,0
290,18,0
291,18,0
292,18,0
293,18,0
294,18,0
295,17,0
296,18,0
297,18,0
298,18,0
299,17,0
300,17,0
301,17,0
302,18,0
303,17,0
304,16,0
305,17,0
306,17,0
307,17,0
308,17,0
309,16,0
310,16,0
311,16,0
312,14,0
313,15,0
314,15,0
315,16,0
316,15,0
317,15,0
318,15,0
319,15,0
320,15,0
321,15,0
322,15,0
323,15,0
324,15,0
325,16,0
326,16,0
327,16,0
328,16,0
329,16,0
330,16,0
331,16,0
332,16,0
333,16,0
334,16,0
335,16,0
336,15,0
337,16,0
338,16,0
339,16,0
340,16,0
341,16,0
342,15,0
343,15,0
344,15,0
345,15,0
346,15,0
347,15,0
348,15,0
349,15,0
350,15,0
351,15,0
352,15,0
353,15,0
354,15,0
355,15,0
356,15,0
357,15,0
358,15,0
359,14,0
360,14,0
361,14,0
362,14,0
363,15,0
364,16,0
365,16,0
366,16,0
367,16,0
368,16,0
369,16,0
370,16,0
371,16,0
372,16,0
373,16,0
374,16,0
375,16,0
376,16,0
377,16,0
378,16,0
379,18,0
380,18,0
381,17,0
382,16,0
383,17,0
384,18,0
385,17,0
386,18,0
387,17,0
388,17,0
389,17,0
390,17,0
391,18,0
392,18,0
393,18,0
394,17,0
395,18,0
396,18,0
397,18,0
398,18,0
399,17,0
400,18,0
401,19,0
402,19,0
403,18,0
404,18,0
405,19,0
406,17,0
407,17,0
408,16,0
409,17,0
410,15,0
411,15,0
412,16,0
413,16,0
414,16,0
415,15,0
416,15,0
417,15,0
418,15,0
419,16,0
420,16,0
421,17,0
422,17,0
423,17,0
424,17,0
425,17,0
426,17,0
427,17,0
428,17,0
429,17,0
430,17,0
431,17,0
432,18,0
433,18,0
434,18,0
435,17,0
436,18,0
437,17,0
438,18,0
439,17,0
440,16,0
441,18,0
442,16,0
443,17,0
444,17,0
445,17,0
446,17,0
447,17,0
448,17,0
449,17,0
450,17,0
451,17,0
452,17,0
453,17,0
454,18,0
455,17,0
456,17,0
457,17,0
458,17,0
459,17,0
460,17,0
461,18,0
462,18,0
463,17,0
464,17,0
465,16,0
466,16,0
467,16,0
468,15,0
469,16,0
470,17,0
471,17,0
472,16,0
473,17,0
474,16,0
475,17,0
476,17,0
477,17,0
478,18,0
479,18,0
480,17,0
481,17,0
482,19,0
483,18,0
484,17,0
485,17,0
486,17,0
487,17,0
488,17,0
489,17,0
490,17,0
491,17,0
492,17,0
493,18,0
494,18,0
495,16,0
496,16,0
497,13,0
498,15,0
499,13,0
500,13,0
501,13,0
502,17,0
503,15,0
504,15,0
505,15,0
506,13,0
507,13,0
508,13,0
509,13,0
510,13,0
511,10,0
512,14,0
513,13,0
514,14,0
515,11,0
516,11,0
517,10,0
518,13,0
519,13,0
520,12,0
521,12,0
522,13,0
523,12,0
524,12,0
525,10,0
526,12,0
527,12,0
528,11,0
529,10,0
530,11,0
531,11,0
532,13,0
533,11,0
534,11,0
535,12,0
536,11,0
537,10,0
538,9,0
539,9,0
540,10,0
541,7,0
542,9,0
543,9,0
544,9,0
545,10,0
546,8,0
547,4,0
548,8,0
549,8,0
550,8,0
551,9,0
552,8,0
553,6,0
554,5,0
555,8,0
556,6,0
557,6,0
558,7,0
559,6,0
560,5,0
561,5,0
562,7,0
563,7,0
564,5,0
565,5,0
566,3,0
567,4,0
568,4,0
569,4,0
570,4,0
571,5,0
572,4,0
573,4,0
574,4,0
575,4,0
576,3,0
577,3,0
578,3,0
579,3,0
580,2,0
581,2,0
582,1,0
583,1,0
584,1,0
585,1,0
586,1,0
587,1,0
588,1,0
589,1,0
590,1,0
591,1,0
592,1,0
593,1,0
594,1,0
595,1,0
596,1,0
597,1,0
598,1,0
599,1,0
600,1,0
601,1,0
602,1,0
603,1,0
604,1,0
605,1,0
606,1,0
607,1,0
608,1,0
609,1,0
610,0,0
611,0,0
612,0,0
613,0,0
614,0,0
615,0,0
616,0,0
617,0,0
618,0,0
619,0,0
620,0,0
621,0,0
622,0,0
623,0,0
624,0,0
625,16,1
626,15,1
627,16,1
628,16,1
629,16,1
630,17,1
631,16,1
632,15,1
633,16,1
634,17,1
635,16,1
636,16,1
637,16,1
638,16,1
639,16,1
640,16,1
641,16,1
642,16,1
643,15,1
644,16,1
645,16,1
646,16,1
647,16,1
648,16,1
649,16,1
650,16,1
651,16,1
652,16,1
653,17,1
654,16,1
655,16,1
656,16,1
657,16,1
658,16,1
659,17,1
660,17,1
661,17,1
662,17,1
663,16,1
664,16,1
665,16,1
666,16,1
667,16,1
668,16,1
669,16,1
670,16,1
671,16,1
672,16,1
673,16,1
674,16,1
675,15,1
676,15,1
677,15,1
678,15,1
679,15,1
680,15,1
681,15,1
682,15,1
683,16,1
684,16,1
685,16,1
686,16,1
687,15,1
688,15,1
689,16,1
690,16,1
691,16,1
692,16,1
693,16,1
694,16,1
695,16,1
696,15,1
697,16,1
698,16,1
699,16,1
700,15,1
701,17,1
702,17,1
703,16,1
704,16,1
705,15,1
706,15,1
707,15,1
708,15,1
709,15,1
710,16,1
711,15,1
712,14,1
713,14,1
714,14,1
715,14,1
716,14,1
717,14,1
718,14,1
719,15,1
720,14,1
721,15,1
722,15,1
723,15,1
724,16,1
725,15,1
726,16,1
727,16,1
728,16,1
729,16,1
730,16,1
731,16,1
732,16,1
733,16,1
734,16,1
735,16,1
736,16,1
737,16,1
738,15,1
739,16,1
740,16,1
741,16,1
742,17,1
743,17,1
744,17,1
745,18,1
746,17,1
747,17,1
748,17,1
749,17,1
750,17,1
751,16,1
752,16,1
753,16,1
754,16,1
755,16,1
756,16,1
757,16,1
758,16,1
759,16,1
760,17,1
761,16,1
762,16,1
763,16,1
764,16,1
765,16,1
766,16,1
767,16,1
768,16,1
769,16,1
770,16,1
771,16,1
772,16,1
773,16,1
774,16,1
775,16,1
776,17,1
777,17,1
778,17,1
779,16,1
780,16,1
781,16,1
782,15,1
783,15,1
784,16,1
785,15,1
786,16,1
787,16,1
788,16,1
789,16,1
790,16,1
791,16,1
792,16,1
793,16,1
794,16,1
795,16,1
796,17,1
797,17,1
798,16,1
799,16,1
800,16,1
801,17,1
802,17,1
803,17,1
804,16,1
805,16,1
806,17,1
807,16,1
808,17,1
809,17,1
810,17,1
811,16,1
812,16,1
813,16,1
814,16,1
815,16,1
816,16,1
817,16,1
818,16,1
819,16,1
820,16,1
821,16,1
822,16,1
823,16,1
824,17,1
825,16,1
826,17,1
827,16,1
828,16,1
829,16,1
830,17,1
831,16,1
832,16,1
833,16,1
834,16,1
835,15,1
836,15,1
837,15,1
838,15,1
839,15,1
840,16,1
841,16,1
842,16,1
843,16,1
844,16,1
845,17,1
846,16,1
847,15,1
848,15,1
849,15,1
850,16,1
851,16,1
852,16,1
853,15,1
854,17,1
855,16,1
856,17,1
857,16,1
858,15,1
859,15,1
860,17,1
861,17,1
862,17,1
863,17,1
864,15,1
865,15,1
866,16,1
867,15,1
868,17,1
869,15,1
870,16,1
871,16,1
872,16,1
873,16,1
874,16,1
875,16,1
876,16,1
877,16,1
878,16,1
879,16,1
880,16,1
881,16,1
882,16,1
883,16,1
884,16,1
885,16,1
886,16,1
887,16,1
888,16,1
889,16,1
890,16,1
891,17,1
892,17,1
893,16,1
894,16,1
895,16,1
896,16,1
897,16,1
898,16,1
899,18,1
900,16,1
901,16,1
902,16,1
903,15,1
904,15,1
905,15,1
906,15,1
907,16,1
908,17,1
909,17,1
910,16,1
911,17,1
912,16,1
913,17,1
914,17,1
915,17,1
916,16,1
917,16,1
918,16,1
919,16,1
920,16,1
921,16,1
922,16,1
923,16,1
924,16,1
925,16,1
926,16,1
927,16,1
928,16,1
929,16,1
930,16,1
931,16,1
932,16,1
933,16,1
934,16,1
935,16,1
936,16,1
937,16,1
938,17,1
939,17,1
940,17,1
941,17,1
942,16,1
943,16,1
944,16,1
945,16,1
946,16,1
947,16,1
948,16,1
949,16,1
950,16,1
951,16,1
952,16,1
953,16,1
954,16,1
955,16,1
956,16,1
957,16,1
958,16,1
959,16,1
960,16,1
961,16,1
962,16,1
963,16,1
964,16,1
965,15,1
966,15,1
967,15,1
968,15,1
969,15,1
970,16,1
971,16,1
972,16,1
973,16,1
974,16,1
975,16,1
976,16,1
977,16,1
978,16,1
979,16,1
980,16,1
981,16,1
982,16,1
983,16,1
984,16,1
985,16,1
986,17,1
987,16,1
988,16,1
989,16,1
990,16,1
991,16,1
992,16,1
993,16,1
994,16,1
995,16,1
996,16,1
997,16,1
998,16,1
999,16,1
1000,16,1
1001,16,1
1002,16,1
1003,16,1
1004,16,1
1005,16,1
1006,16,1
1007,16,1
1008,17,1
1009,16,1
1010,17,1
1011,16,1
1012,17,1
1013,16,1
1014,16,1
1015,16,1
1016,16,1
1017,16,1
1018,16,1
1019,17,1
1020,16,1
1021,16,1
1022,16,1
1023,16,1
1024,16,1
1025,16,1
1026,16,1
1027,16,1
1028,16,1
1029,17,1
1030,16,1
1031,16,1
1032,16,1
1033,16,1
1034,16,1
1035,16,1
1036,16,1
1037,17,1
1038,17,1
1039,17,1
1040,17,1
1041,17,1
1042,16,1
1043,17,1
1044,17,1
1045,16,1
1046,16,1
1047,16,1
1048,16,1
1049,16,1
1050,16,1
1051,16,1
1052,16,1
1053,16,1
1054,16,1
1055,16,1
1056,16,1
1057,16,1
1058,16,1
1059,16,1
1060,16,1
1061,16,1
1062,16,1
1063,16,1
1064,16,1
1065,16,1
1066,16,1
1067,16,1
1068,16,1
1069,16,1
1070,16,1
1071,16,1
1072,16,1
1073,16,1
1074,17,1
1075,18,1
1076,18,1
1077,18,1
1078,18,1
1079,17,1
1080,17,1
1081,17,1
1082,17,1
1083,17,1
1084,17,1
1085,17,1
1086,17,1
1087,17,1
1088,17,1
1089,18,1
1090,19,1
1091,17,1
1092,17,1
1093,17,1
1094,17,1
1095,18,1
1096,17,1
1097,17,1
1098,17,1
1099,15,1
1100,15,1
1101,16,1
1102,16,1
1103,16,1
1104,17,1
1105,16,1
1106,16,1
1107,16,1
1108,16,1
1109,17,1
1110,17,1
1111,17,1
1112,17,1
1113,17,1
1114,18,1
1115,17,1
1116,17,1
1117,17,1
1118,17,1
1119,17,1
1120,17,1
1121,17,1
1122,17,1
1123,16,1
1124,16,1
1125,17,1
1126,17,1
1127,17,1
1128,16,1
1129,16,1
1130,17,1
1131,16,1
1132,16,1
1133,17,1
1134,17,1
1135,17,1
1136,17,1
1137,17,1
1138,16,1
1139,17,1
1140,17,1
1141,18,1
1142,17,1
1143,16,1
1144,17,1
1145,16,1
1146,17,1
1147,17,1
1148,16,1
1149,18,1
1150,18,1
1151,18,1
1152,18,1
1153,18,1
1154,18,1
1155,18,1
1156,18,1
1157,17,1
1158,16,1
1159,16,1
1160,17,1
1161,16,1
1162,16,1
1163,16,1
1164,16,1
1165,16,1
1166,16,1
1167,16,1
1168,16,1
1169,16,1
1170,16,1
1171,18,1
1172,18,1
1173,18,1
1174,18,1
1175,18,1
1176,18,1
1177,16,1
1178,15,1
1179,16,1
1180,15,1
1181,15,1
1182,15,1
1183,16,1
1184,16,1
1185,16,1
1186,16,1
1187,16,1
1188,16,1
1189,16,1
1190,16,1
1191,16,1
1192,17,1
1193,17,1
1194,17,1
1195,17,1
1196,17,1
1197,17,1
1198,17,1
1199,16,1
1200,17,1
1201,17,1
1202,17,1
1203,17,1
1204,17,1
1205,17,1
1206,17,1
1207,17,1
1208,16,1
1209,17,1
1210,17,1
1211,16,1
1212,16,1
1213,15,1
1214,16,1
1215,16,1
1216,16,1
1217,16,1
1218,16,1
1219,16,1
1220,16,1
1221,17,1
1222,17,1
1223,17,1
1224,17,1
1225,17,1
1226,17,1
1227,16,1
1228,16,1
1229,16,1
1230,16,1
1231,16,1
1232,16,1
1233,16,1
1234,16,1
1235,17,1
1236,16,1
1237,17,1
1238,16,1
1239,17,1
1240,17,1
1241,16,1
1242,16,1
1243,14,1
1244,14,1
1245,15,1
1246,17,1
1247,16,1
1248,15,1
1249,16,1
1250,16,1
1251,16,1
1252,16,1
1253,16,1
1254,16,1
1255,16,1
1256,16,1
1257,16,1
1258,16,1
1259,16,1
1260,16,1
1261,16,1
1262,16,1
1263,17,1
1264,16,1
1265,17,1
1266,15,1
1267,16,1
1268,16,1
1269,16,1
1270,15,1
1271,15,1
1272,15,1
1273,16,1
1274,15,1
1275,15,1
1276,15,1
1277,16,1
1278,16,1
1279,16,1
1280,16,1
1281,16,1
1282,15,1
1283,15,1
1284,15,1
1285,14,1
1286,15,1
1287,14,1
1288,15,1
1289,16,1
1290,16,1
1291,16,1
1292,16,1
1293,16,1
1294,17,1
1295,16,1
1296,16,1
1297,16,1
1298,16,1
1299,16,1
1300,15,1
1301,16,1
1302,16,1
1303,16,1
1304,17,1
1305,16,1
1306,18,1
1307,19,1
1308,16,1
1309,16,1
1310,15,1
1311,14,1
1312,13,1
1313,16,1
1314,16,1
1315,18,1
1316,16,1
1317,17,1
1318,16,1
1319,16,1
1320,17,1
1321,17,1
1322,14,1
1323,14,1
1324,11,1
1325,12,1
1326,12,1
1327,13,1
1328,13,1
1329,14,1
1330,11,1
1331,13,1
1332,10,1
1333,10,1
1334,10,1
1335,10,1
1336,12,1
1337,13,1
1338,12,1
1339,12,1
1340,9,1
1341,12,1
1342,12,1
1343,11,1
1344,9,1
1345,7,1
1346,7,1
1347,8,1
1348,9,1
1349,9,1
1350,6,1
1351,5,1
1352,6,1
1353,6,1
1354,6,1
1355,7,1
1356,7,1
1357,6,1
1358,5,1
1359,5,1
1360,4,1
1361,3,1
1362,4,1
1363,3,1
1364,3,1
1365,3,1
1366,3,1
1367,3,1
1368,4,1
1369,4,1
1370,4,1
1371,4,1
1372,4,1
1373,4,1
1374,4,1
1375,4,1
1376,4,1
1377,4,1
1378,3,1
1379,3,1
1380,4,1
1381,4,1
1382,3,1
1383,3,1
1384,2,1
1385,2,1
1386,2,1
1387,2,1
1388,2,1
1389,2,1
1390,2,1
1391,3,1
1392,2,1
1393,2,1
1394,2,1
1395,2,1
1396,3,1
1397,3,1
1398,3,1
1399,3,1
1400,3,1
1401,2,1
1402,2,1
1403,2,1
1404,2,1
1405,2,1
1406,2,1
1407,2,1
1408,2,1
1409,2,1
1410,2,1
1411,2,1
1412,3,1
1413,2,1
1414,2,1
1415,2,1
1416,2,1
1417,2,1
1418,2,1
1419,2,1
1420,2,1
1421,2,1
1422,2,1
1423,2,1
1424,2,1
1425,2,1
1426,2,1
1427,2,1
1428,2,1
1429,2,1
1430,1,1
1431,1,1
1432,1,1
1433,1,1
1434,0,1
1435,0,1
1436,0,1
1437,0,1
1438,0,1
1439,0,1
1440,0,1
1441,0,1
1442,0,1
1443,0,1
1444,0,1
1445,0,1
1446,0,1
1447,0,1
1448,0,1
1449,0,1
1450,0,1
1451,0,1
1452,0,1
1453,17,2
1454,15,2
1455,16,2
1456,15,2
1457,15,2
1458,15,2
1459,15,2
1460,16,2
1461,15,2
1462,17,2
1463,16,2
1464,16,2
1465,16,2
1466,16,2
1467,14,2
1468,14,2
1469,14,2
1470,14,2
1471,15,2
1472,15,2
1473,15,2
1474,14,2
1475,14,2
1476,14,2
1477,15,2
1478,15,2
1479,15,2
1480,15,2
1481,15,2
1482,15,2
1483,14,2
1484,14,2
1485,16,2
1486,15,2
1487,17,2
1488,16,2
1489,15,2
1490,17,2
1491,16,2
1492,17,2
1493,15,2
1494,15,2
1495,16,2
1496,16,2
1497,16,2
1498,16,2
1499,16,2
1500,16,2
1501,15,2
1502,16,2
1503,16,2
1504,15,2
1505,15,2
1506,16,2
1507,15,2
1508,15,2
1509,16,2
1510,15,2
1511,15,2
1512,16,2
1513,14,2
1514,15,2
1515,15,2
1516,14,2
1517,14,2
1518,15,2
1519,14,2
1520,14,2
1521,15,2
1522,15,2
1523,15,2
1524,15,2
1525,15,2
1526,15,2
1527,15,2
1528,15,2
1529,15,2
1530,15,2
1531,15,2
1532,15,2
1533,15,2
1534,14,2
1535,14,2
1536,14,2
1537,14,2
1538,15,2
1539,15,2
1540,15,2
1541,13,2
1542,13,2
1543,14,2
1544,14,2
1545,13,2
1546,15,2
1547,15,2
1548,16,2
1549,16,2
1550,15,2
1551,15,2
1552,15,2
1553,15,2
1554,17,2
1555,16,2
1556,16,2
1557,16,2
1558,17,2
1559,15,2
1560,17,2
1561,16,2
1562,15,2
1563,15,2
1564,15,2
1565,16,2
1566,16,2
1567,17,2
1568,16,2
1569,15,2
1570,15,2
1571,15,2
1572,16,2
1573,15,2
1574,15,2
1575,15,2
1576,15,2
1577,15,2
1578,14,2
1579,14,2
1580,14,2
1581,15,2
1582,14,2
1583,15,2
1584,15,2
1585,15,2
1586,14,2
1587,15,2
1588,15,2
1589,15,2
1590,14,2
1591,14,2
1592,14,2
1593,16,2
1594,14,2
1595,14,2
1596,15,2
1597,15,2
1598,15,2
1599,14,2
1600,14,2
1601,14,2
1602,14,2
1603,15,2
1604,15,2
1605,14,2
1606,14,2
1607,14,2
1608,14,2
1609,14,2
1610,14,2
1611,14,2
1612,14,2
1613,14,2
1614,14,2
1615,14,2
1616,14,2
1617,14,2
1618,14,2
1619,14,2
1620,14,2
1621,14,2
1622,14,2
1623,14,2
1624,14,2
1625,14,2
1626,14,2
1627,14,2
1628,14,2
1629,14,2
1630,15,2
1631,15,2
1632,15,2
1633,15,2
1634,15,2
1635,14,2
1636,14,2
1637,15,2
1638,14,2
1639,14,2
1640,15,2
1641,15,2
1642,16,2
1643,16,2
1644,16,2
1645,16,2
1646,16,2
1647,16,2
1648,16,2
1649,16,2
1650,16,2
1651,16,2
1652,16,2
1653,16,2
1654,16,2
1655,16,2
1656,15,2
1657,16,2
1658,16,2
1659,16,2
1660,17,2
1661,16,2
1662,16,2
1663,17,2
1664,16,2
1665,16,2
1666,15,2
1667,16,2
1668,16,2
1669,17,2
1670,18,2
1671,16,2
1672,16,2
1673,15,2
1674,14,2
1675,16,2
1676,16,2
1677,16,2
1678,17,2
1679,16,2
1680,17,2
1681,17,2
1682,16,2
1683,16,2
1684,16,2
1685,15,2
1686,15,2
1687,16,2
1688,16,2
1689,15,2
1690,15,2
1691,16,2
1692,16,2
1693,15,2
1694,15,2
1695,15,2
1696,15,2
1697,15,2
1698,15,2
1699,15,2
1700,16,2
1701,16,2
1702,15,2
1703,15,2
1704,15,2
1705,15,2
1706,15,2
1707,15,2
1708,15,2
1709,15,2
1710,15,2
1711,15,2
1712,15,2
1713,15,2
1714,16,2
1715,15,2
1716,15,2
1717,15,2
1718,15,2
1719,15,2
1720,16,2
1721,16,2
1722,15,2
1723,15,2
1724,15,2
1725,15,2
1726,17,2
1727,17,2
1728,17,2
1729,17,2
1730,17,2
1731,17,2
1732,17,2
1733,18,2
1734,17,2
1735,16,2
1736,17,2
1737,17,2
1738,17,2
1739,17,2
1740,18,2
1741,17,2
1742,17,2
1743,17,2
1744,17,2
1745,17,2
1746,17,2
1747,18,2
1748,18,2
1749,17,2
1750,17,2
1751,18,2
1752,18,2
1753,16,2
1754,18,2
1755,18,2
1756,18,2
1757,18,2
1758,18,2
1759,17,2
1760,17,2
1761,17,2
1762,18,2
1763,18,2
1764,18,2
1765,19,2
1766,19,2
1767,19,2
1768,18,2
1769,18,2
1770,18,2
1771,18,2
1772,18,2
1773,19,2
1774,19,2
1775,20,2
1776,18,2
1777,16,2
1778,15,2
1779,16,2
1780,16,2
1781,16,2
1782,17,2
1783,17,2
1784,17,2
1785,18,2
1786,18,2
1787,18,2
1788,16,2
1789,16,2
1790,17,2
1791,18,2
1792,16,2
1793,18,2
1794,18,2
1795,17,2
1796,15,2
1797,16,2
1798,14,2
1799,14,2
1800,14,2
1801,13,2
1802,15,2
1803,15,2
1804,12,2
1805,12,2
1806,11,2
1807,14,2
1808,14,2
1809,14,2
1810,12,2
1811,14,2
1812,11,2
1813,14,2
1814,11,2
1815,12,2
1816,11,2
1817,10,2
1818,11,2
1819,11,2
1820,10,2
1821,11,2
1822,9,2
1823,11,2
1824,11,2
1825,12,2
1826,11,2
1827,10,2
1828,9,2
1829,10,2
1830,8,2
1831,9,2
1832,10,2
1833,8,2
1834,9,2
1835,7,2
1836,7,2
1837,6,2
1838,8,2
1839,6,2
1840,6,2
1841,6,2
1842,7,2
1843,7,2
1844,7,2
1845,7,2
1846,7,2
1847,7,2
1848,9,2
1849,7,2
1850,8,2
1851,7,2
1852,7,2
1853,8,2
1854,7,2
1855,6,2
1856,7,2
1857,7,2
1858,5,2
1859,5,2
1860,5,2
1861,6,2
1862,6,2
1863,5,2
1864,5,2
1865,3,2
1866,4,2
1867,4,2
1868,5,2
1869,5,2
1870,3,2
1871,5,2
1872,4,2
1873,4,2
1874,4,2
1875,4,2
1876,4,2
1877,4,2
1878,4,2
1879,4,2
1880,4,2
1881,4,2
1882,4,2
1883,4,2
1884,3,2
1885,3,2
1886,3,2
1887,4,2
1888,3,2
1889,3,2
1890,3,2
1891,3,2
1892,3,2
1893,3,2
1894,3,2
1895,3,2
1896,3,2
1897,3,2
1898,3,2
1899,3,2
1900,4,2
1901,4,2
1902,3,2
1903,4,2
1904,4,2
1905,4,2
1906,3,2
1907,3,2
1908,3,2
1909,2,2
1910,2,2
1911,3,2
1912,3,2
1913,3,2
1914,2,2
1915,2,2
1916,3,2
1917,2,2
1918,4,2
1919,4,2
1920,3,2
1921,3,2
1922,2,2
1923,3,2
1924,3,2
1925,3,2
1926,3,2
1927,3,2
1928,3,2
1929,3,2
1930,3,2
1931,3,2
1932,3,2
1933,3,2
1934,3,2
1935,2,2
1936,3,2
1937,3,2
1938,2,2
1939,3,2
1940,2,2
1941,2,2
1942,2,2
1943,2,2
1944,2,2
1945,2,2
1946,2,2
1947,2,2
1948,2,2
1949,2,2
1950,2,2
1951,2,2
1952,2,2
1953,2,2
1954,1,2
1955,1,2
1956,1,2
1957,1,2
1958,1,2
1959,1,2
1960,2,2
1961,2,2
1962,2,2
1963,2,2
1964,2,2
1965,2,2
1966,1,2
1967,1,2
1968,2,2
1969,2,2
1970,2,2
1971,2,2
1972,2,2
1973,2,2
1974,2,2
1975,2,2
1976,2,2
1977,2,2
1978,2,2
1979,2,2
1980,2,2
1981,2,2
1982,2,2
1983,2,2
1984,2,2
1985,2,2
1986,2,2
1987,2,2
1988,2,2
1989,2,2
1990,2,2
1991,2,2
1992,2,2
1993,2,2
1994,2,2
1995,1,2
1996,2,3
1997,2,3
1998,2,3
1999,1,3
2000,2,3
2001,2,3
2002,0,3
2003,13,3
2004,14,3
2005,14,3
2006,14,3
2007,15,3
2008,15,3
2009,14,3
2010,14,3
2011,15,3
2012,14,3
2013,14,3
2014,13,3
2015,14,3
2016,14,3
2017,15,3
2018,15,3
2019,14,3
2020,14,3
2021,15,3
2022,14,3
2023,15,3
2024,15,3
2025,14,3
2026,14,3
2027,15,3
2028,15,3
2029,15,3
2030,16,3
2031,15,3
2032,13,3
2033,14,3
2034,13,3
2035,13,3
2036,11,3
2037,12,3
2038,13,3
2039,12,3
2040,11,3
2041,11,3
2042,13,3
2043,12,3
2044,14,3
2045,14,3
2046,15,3
2047,15,3
2048,15,3
2049,14,3
2050,13,3
2051,13,3
2052,13,3
2053,13,3
2054,13,3
2055,14,3
2056,13,3
2057,13,3
2058,13,3
2059,13,3
2060,13,3
2061,13,3
2062,14,3
2063,14,3
2064,14,3
2065,15,3
2066,13,3
2067,13,3
2068,14,3
2069,15,3
2070,14,3
2071,14,3
2072,14,3
2073,15,3
2074,15,3
2075,15,3
2076,15,3
2077,15,3
2078,15,3
2079,15,3
2080,15,3
2081,15,3
2082,15,3
2083,15,3
2084,16,3
2085,15,3
2086,15,3
2087,13,3
2088,14,3
2089,14,3
2090,15,3
2091,15,3
2092,15,3
2093,14,3
2094,16,3
2095,15,3
2096,15,3
2097,16,3
2098,14,3
2099,16,3
2100,16,3
2101,16,3
2102,17,3
2103,14,3
2104,16,3
2105,16,3
2106,16,3
2107,16,3
2108,16,3
2109,16,3
2110,17,3
2111,16,3
2112,16,3
2113,18,3
2114,16,3
2115,16,3
2116,17,3
2117,16,3
2118,17,3
2119,18,3
2120,17,3
2121,17,3
2122,17,3
2123,17,3
2124,15,3
2125,17,3
2126,16,3
2127,17,3
2128,17,3
2129,16,3
2130,16,3
2131,15,3
2132,17,3
2133,16,3
2134,18,3
2135,18,3
2136,18,3
2137,18,3
2138,18,3
2139,18,3
2140,18,3
2141,18,3
2142,18,3
2143,18,3
2144,18,3
2145,17,3
2146,16,3
2147,16,3
2148,16,3
2149,16,3
2150,16,3
2151,16,3
2152,17,3
2153,17,3
2154,17,3
2155,18,3
2156,16,3
2157,17,3
2158,16,3
2159,18,3
2160,18,3
2161,18,3
2162,16,3
2163,17,3
2164,16,3
2165,16,3
2166,18,3
2167,18,3
2168,16,3
2169,17,3
2170,17,3
2171,17,3
2172,16,3
2173,17,3
2174,17,3
2175,16,3
2176,17,3
2177,18,3
2178,18,3
2179,17,3
2180,18,3
2181,18,3
2182,18,3
2183,17,3
2184,16,3
2185,17,3
2186,17,3
2187,18,3
2188,18,3
2189,18,3
2190,18,3
2191,18,3
2192,18,3
2193,18,3
2194,18,3
2195,18,3
2196,19,3
2197,18,3
2198,19,3
2199,18,3
2200,19,3
2201,18,3
2202,18,3
2203,18,3
2204,18,3
2205,18,3
2206,18,3
2207,18,3
2208,18,3
2209,18,3
2210,18,3
2211,18,3
2212,18,3
2213,17,3
2214,16,3
2215,17,3
2216,17,3
2217,17,3
2218,17,3
2219,17,3
2220,16,3
2221,17,3
2222,15,3
2223,16,3
2224,17,3
2225,17,3
2226,17,3
2227,17,3
2228,17,3
2229,14,3
2230,14,3
2231,14,3
2232,15,3
2233,14,3
2234,14,3
2235,15,3
2236,15,3
2237,14,3
2238,15,3
2239,16,3
2240,16,3
2241,16,3
2242,16,3
2243,16,3
2244,16,3
2245,16,3
2246,16,3
2247,16,3
2248,16,3
2249,16,3
2250,16,3
2251,17,3
2252,17,3
2253,17,3
2254,17,3
2255,17,3
2256,18,3
2257,18,3
2258,17,3
2259,18,3
2260,17,3
2261,17,3
2262,17,3
2263,19,3
2264,18,3
2265,17,3
2266,18,3
2267,19,3
2268,19,3
2269,19,3
2270,18,3
2271,19,3
2272,19,3
2273,20,3
2274,20,3
2275,20,3
2276,20,3
2277,19,3
2278,20,3
2279,20,3
2280,20,3
2281,20,3
2282,20,3
2283,21,3
2284,21,3
2285,21,3
2286,20,3
2287,21,3
2288,21,3
2289,19,3
2290,19,3
2291,17,3
2292,18,3
2293,18,3
2294,19,3
2295,19,3
2296,18,3
2297,18,3
2298,18,3
2299,19,3
2300,18,3
2301,17,3
2302,17,3
2303,18,3
2304,18,3
2305,17,3
2306,17,3
2307,17,3
2308,17,3
2309,18,3
2310,18,3
2311,18,3
2312,18,3
2313,18,3
2314,18,3
2315,17,3
2316,17,3
2317,17,3
2318,17,3
2319,17,3
2320,17,3
2321,17,3
2322,17,3
2323,17,3
2324,16,3
2325,16,3
2326,17,3
2327,17,3
2328,16,3
2329,17,3
2330,16,3
2331,15,3
2332,17,3
2333,16,3
2334,15,3
2335,15,3
2336,17,3
2337,17,3
2338,18,3
2339,17,3
2340,18,3
2341,17,3
2342,17,3
2343,17,3
2344,17,3
2345,17,3
2346,17,3
2347,17,3
2348,17,3
2349,18,3
2350,19,3
2351,18,3
2352,18,3
2353,18,3
2354,18,3
2355,18,3
2356,19,3
2357,19,3
2358,19,3
2359,19,3
2360,19,3
2361,18,3
2362,18,3
2363,18,3
2364,17,3
2365,18,3
2366,19,3
2367,19,3
2368,18,3
2369,19,3
2370,17,3
2371,17,3
2372,17,3
2373,18,3
2374,20,3
2375,21,3
2376,21,3
2377,19,3
2378,18,3
2379,18,3
2380,16,3
2381,16,3
2382,16,3
2383,17,3
2384,16,3
2385,17,3
2386,16,3
2387,18,3
2388,17,3
2389,19,3
2390,18,3
2391,18,3
2392,19,3
2393,18,3
2394,18,3
2395,19,3
2396,18,3
2397,19,3
2398,19,3
2399,19,3
2400,19,3
2401,17,3
2402,19,3
2403,19,3
2404,18,3
2405,18,3
2406,18,3
2407,17,3
2408,18,3
2409,17,3
2410,17,3
2411,16,3
2412,17,3
2413,16,3
2414,16,3
2415,17,3
2416,17,3
2417,17,3
2418,17,3
2419,18,3
2420,19,3
2421,17,3
2422,17,3
2423,18,3
2424,18,3
2425,17,3
2426,18,3
2427,16,3
2428,16,3
2429,17,3
2430,16,3
2431,16,3
2432,16,3
2433,17,3
2434,17,3
2435,17,3
2436,17,3
2437,18,3
2438,18,3
2439,18,3
2440,18,3
2441,18,3
2442,19,3
2443,19,3
2444,18,3
2445,17,3
2446,18,3
2447,17,3
2448,17,3
2449,17,3
2450,17,3
2451,17,3
2452,17,3
2453,16,3
2454,16,3
2455,16,3
2456,17,3
2457,17,3
2458,16,3
2459,16,3
2460,14,3
2461,17,3
2462,17,3
2463,16,3
2464,17,3
2465,18,3
2466,16,3
2467,16,3
2468,16,3
2469,18,3
2470,16,3
2471,18,3
2472,18,3
2473,18,3
2474,18,3
2475,18,3
2476,18,3
2477,17,3
2478,18,3
2479,18,3
2480,17,3
2481,18,3
2482,18,3
2483,18,3
2484,18,3
2485,17,3
2486,17,3
2487,17,3
2488,17,3
2489,17,3
2490,17,3
2491,16,3
2492,16,3
2493,16,3
2494,16,3
2495,17,3
2496,18,3
2497,17,3
2498,18,3
2499,18,3
2500,17,3
2501,16,3
2502,17,3
2503,17,3
2504,17,3
2505,18,3
2506,17,3
2507,17,3
2508,16,3
2509,16,3
2510,17,3
2511,17,3
2512,17,3
2513,18,3
2514,18,3
2515,17,3
2516,17,3
2517,17,3
2518,17,3
2519,18,3
2520,18,3
2521,16,3
2522,16,3
2523,16,3
2524,18,3
2525,19,3
2526,17,3
2527,17,3
2528,16,3
2529,16,3
2530,16,3
2531,16,3
2532,15,3
2533,17,3
2534,18,3
2535,18,3
2536,19,3
2537,17,3
2538,19,3
2539,18,3
2540,18,3
2541,19,3
2542,20,3
2543,19,3
2544,20,3
2545,19,3
2546,19,3
2547,18,3
2548,18,3
2549,19,3
2550,19,3
2551,19,3
2552,18,3
2553,19,3
2554,18,3
2555,18,3
2556,18,3
2557,18,3
2558,18,3
2559,18,3
2560,18,3
2561,18,3
2562,18,3
2563,18,3
2564,18,3
2565,18,3
2566,19,3
2567,19,3
2568,19,3
2569,19,3
2570,19,3
2571,19,3
2572,20,3
2573,20,3
2574,20,3
2575,20,3
2576,17,3
2577,19,3
2578,20,3
2579,18,3
2580,18,3
2581,20,3
2582,18,3
2583,19,3
2584,18,3
2585,19,3
2586,19,3
2587,19,3
2588,18,3
2589,19,3
2590,19,3
2591,19,3
2592,19,3
2593,18,3
2594,19,3
2595,21,3
2596,21,3
2597,19,3
2598,17,3
2599,19,3
2600,18,3
2601,20,3
2602,19,3
2603,21,3
2604,20,3
2605,20,3
2606,17,3
2607,20,3
2608,20,3
2609,21,3
2610,19,3
2611,19,3
2612,18,3
2613,18,3
2614,18,3
2615,18,3
2616,18,3
2617,17,3
2618,17,3
2619,17,3
2620,17,3
2621,17,3
2622,15,3
2623,15,3
2624,14,3
2625,14,3
2626,14,3
2627,14,3
2628,13,3
2629,13,3
2630,13,3
2631,13,3
2632,13,3
2633,13,3
2634,10,3
2635,11,3
2636,10,3
2637,10,3
2638,9,3
2639,9,3
2640,9,3
2641,9,3
2642,9,3
2643,9,3
2644,9,3
2645,9,3
2646,9,3
2647,8,3
2648,8,3
2649,8,3
2650,6,3
2651,6,3
2652,5,3
2653,5,3
2654,5,3
2655,5,3
2656,5,3
2657,5,3
2658,4,3
2659,4,3
2660,4,3
2661,3,3
2662,4,3
2663,3,3
2664,2,3
2665,3,3
2666,2,3
2667,2,3
2668,2,3
2669,2,3
2670,2,3
2671,2,3
2672,0,3
2673,0,3
2674,0,3
2675,0,3
2676,0,3
2677,0,3
2678,0,3
2679,0,3
2680,0,3
2681,0,3
2682,0,3
2683,0,3
2684,0,3
2685,0,3
2686,0,3
2687,18,4
2688,16,4
2689,17,4
2690,17,4
2691,16,4
2692,17,4
2693,16,4
2694,18,4
2695,17,4
2696,16,4
2697,18,4
2698,18,4
2699,16,4
2700,17,4
2701,17,4
2702,17,4
2703,16,4
2704,16,4
2705,18,4
2706,15,4
2707,16,4
2708,17,4
2709,16,4
2710,17,4
2711,17,4
2712,16,4
2713,16,4
2714,16,4
2715,15,4
2716,16,4
2717,17,4
2718,16,4
2719,17,4
2720,17,4
2721,15,4
2722,15,4
2723,16,4
2724,15,4
2725,16,4
2726,16,4
2727,16,4
2728,17,4
2729,17,4
2730,17,4
2731,15,4
2732,15,4
2733,15,4
2734,15,4
2735,14,4
2736,17,4
2737,13,4
2738,14,4
2739,14,4
2740,15,4
2741,16,4
2742,15,4
2743,15,4
2744,13,4
2745,15,4
2746,14,4
2747,14,4
2748,14,4
2749,14,4
2750,14,4
2751,15,4
2752,13,4
2753,15,4
2754,16,4
2755,14,4
2756,14,4
2757,14,4
2758,15,4
2759,14,4
2760,14,4
2761,14,4
2762,14,4
2763,14,4
2764,15,4
2765,15,4
2766,14,4
2767,14,4
2768,14,4
2769,13,4
2770,14,4
2771,14,4
2772,14,4
2773,12,4
2774,12,4
2775,13,4
2776,14,4
2777,16,4
2778,14,4
2779,15,4
2780,15,4
2781,13,4
2782,13,4
2783,12,4
2784,14,4
2785,15,4
2786,14,4
2787,14,4
2788,14,4
2789,13,4
2790,14,4
2791,13,4
2792,13,4
2793,12,4
2794,12,4
2795,12,4
2796,12,4
2797,12,4
2798,11,4
2799,13,4
2800,14,4
2801,15,4
2802,13,4
2803,14,4
2804,14,4
2805,14,4
2806,14,4
2807,14,4
2808,14,4
2809,14,4
2810,15,4
2811,16,4
2812,16,4
2813,16,4
2814,15,4
2815,14,4
2816,14,4
2817,13,4
2818,14,4
2819,14,4
2820,13,4
2821,12,4
2822,15,4
2823,15,4
2824,16,4
2825,16,4
2826,16,4
2827,16,4
2828,16,4
2829,16,4
2830,16,4
2831,14,4
2832,14,4
2833,14,4
2834,14,4
2835,14,4
2836,14,4
2837,14,4
2838,14,4
2839,14,4
2840,14,4
2841,14,4
2842,14,4
2843,15,4
2844,15,4
2845,15,4
2846,15,4
2847,15,4
2848,16,4
2849,16,4
2850,16,4
2851,16,4
2852,16,4
2853,16,4
2854,16,4
2855,16,4
2856,17,4
2857,18,4
2858,16,4
2859,17,4
2860,17,4
2861,17,4
2862,17,4
2863,17,4
2864,17,4
2865,17,4
2866,17,4
2867,17,4
2868,16,4
2869,16,4
2870,17,4
2871,17,4
2872,16,4
2873,17,4
2874,17,4
2875,17,4
2876,17,4
2877,17,4
2878,17,4
2879,17,4
2880,17,4
2881,16,4
2882,16,4
2883,16,4
2884,16,4
2885,15,4
2886,16,4
2887,18,4
2888,17,4
2889,17,4
2890,16,4
2891,17,4
2892,16,4
2893,17,4
2894,18,4
2895,18,4
2896,18,4
2897,18,4
2898,18,4
2899,17,4
2900,17,4
2901,17,4
2902,17,4
2903,17,4
2904,17,4
2905,17,4
2906,18,4
2907,20,4
2908,19,4
2909,17,4
2910,18,4
2911,18,4
2912,18,4
2913,18,4
2914,19,4
2915,19,4
2916,18,4
2917,19,4
2918,19,4
2919,18,4
2920,18,4
2921,19,4
2922,18,4
2923,18,4
2924,18,4
2925,18,4
2926,18,4
2927,19,4
2928,18,4
2929,18,4
2930,18,4
2931,18,4
2932,18,4
2933,18,4
2934,18,4
2935,17,4
2936,18,4
2937,19,4
2938,19,4
2939,19,4
2940,19,4
2941,19,4
2942,19,4
2943,19,4
2944,19,4
2945,19,4
2946,20,4
2947,19,4
2948,19,4
2949,19,4
2950,18,4
2951,19,4
2952,19,4
2953,19,4
2954,18,4
2955,18,4
2956,18,4
2957,18,4
2958,18,4
2959,18,4
2960,18,4
2961,17,4
2962,19,4
2963,19,4
2964,18,4
2965,18,4
2966,16,4
2967,17,4
2968,18,4
2969,19,4
2970,18,4
2971,18,4
2972,17,4
2973,16,4
2974,15,4
2975,16,4
2976,17,4
2977,19,4
2978,20,4
2979,21,4
2980,20,4
2981,20,4
2982,20,4
2983,20,4
2984,21,4
2985,20,4
2986,18,4
2987,17,4
2988,18,4
2989,18,4
2990,16,4
2991,17,4
2992,17,4
2993,17,4
2994,17,4
2995,18,4
2996,18,4
2997,18,4
2998,19,4
2999,18,4
3000,20,4
3001,19,4
3002,20,4
3003,19,4
3004,17,4
3005,18,4
3006,17,4
3007,18,4
3008,17,4
3009,19,4
3010,18,4
3011,19,4
3012,21,4
3013,21,4
3014,20,4
3015,21,4
3016,21,4
3017,20,4
3018,22,4
3019,20,4
3020,20,4
3021,19,4
3022,19,4
3023,19,4
3024,18,4
3025,19,4
3026,19,4
3027,18,4
3028,18,4
3029,19,4
3030,18,4
3031,18,4
3032,20,4
3033,19,4
3034,20,4
3035,19,4
3036,19,4
3037,19,4
3038,19,4
3039,19,4
3040,18,4
3041,19,4
3042,18,4
3043,18,4
3044,20,4
3045,18,4
3046,18,4
3047,20,4
3048,20,4
3049,17,4
3050,19,4
3051,20,4
3052,17,4
3053,18,4
3054,17,4
3055,18,4
3056,19,4
3057,16,4
3058,20,4
3059,19,4
3060,17,4
3061,18,4
3062,16,4
3063,18,4
3064,17,4
3065,17,4
3066,16,4
3067,16,4
3068,17,4
3069,18,4
3070,19,4
3071,19,4
3072,18,4
3073,19,4
3074,19,4
3075,20,4
3076,18,4
3077,18,4
3078,20,4
3079,19,4
3080,20,4
3081,20,4
3082,20,4
3083,19,4
3084,20,4
3085,20,4
3086,19,4
3087,20,4
3088,21,4
3089,20,4
3090,20,4
3091,20,4
3092,20,4
3093,20,4
3094,20,4
3095,19,4
3096,18,4
3097,19,4
3098,20,4
3099,20,4
3100,19,4
3101,19,4
3102,20,4
3103,20,4
3104,18,4
3105,19,4
3106,19,4
3107,19,4
3108,19,4
3109,18,4
3110,17,4
3111,18,4
3112,19,4
3113,19,4
3114,19,4
3115,19,4
3116,18,4
3117,19,4
3118,18,4
3119,19,4
3120,20,4
3121,18,4
3122,19,4
3123,18,4
3124,19,4
3125,18,4
3126,19,4
3127,18,4
3128,20,4
3129,20,4
3130,20,4
3131,20,4
3132,21,4
3133,21,4
3134,19,4
3135,19,4
3136,18,4
3137,19,4
3138,19,4
3139,19,4
3140,18,4
3141,18,4
3142,17,4
3143,18,4
3144,17,4
3145,18,4
3146,19,4
3147,18,4
3148,18,4
3149,19,4
3150,19,4
3151,17,4
3152,18,4
3153,17,4
3154,17,4
3155,17,4
3156,16,4
3157,16,4
3158,18,4
3159,17,4
3160,16,4
3161,17,4
3162,17,4
3163,16,4
3164,16,4
3165,17,4
3166,19,4
3167,18,4
3168,19,4
3169,19,4
3170,18,4
3171,18,4
3172,16,4
3173,17,4
3174,17,4
3175,16,4
3176,17,4
3177,17,4
3178,16,4
3179,16,4
3180,16,4
3181,16,4
3182,14,4
3183,14,4
3184,15,4
3185,14,4
3186,14,4
3187,11,4
3188,13,4
3189,15,4
3190,16,4
3191,14,4
3192,12,4
3193,12,4
3194,14,4
3195,14,4
3196,11,4
3197,12,4
3198,12,4
3199,13,4
3200,14,4
3201,14,4
3202,13,4
3203,13,4
3204,12,4
3205,13,4
3206,15,4
3207,13,4
3208,14,4
3209,14,4
3210,14,4
3211,13,4
3212,12,4
3213,12,4
3214,12,4
3215,13,4
3216,12,4
3217,12,4
3218,11,4
3219,12,4
3220,10,4
3221,9,4
3222,10,4
3223,10,4
3224,10,4
3225,11,4
3226,12,4
3227,12,4
3228,9,4
3229,9,4
3230,8,4
3231,10,4
3232,11,4
3233,10,4
3234,11,4
3235,12,4
3236,12,4
3237,10,4
3238,9,4
3239,11,4
3240,10,4
3241,10,4
3242,9,4
3243,10,4
3244,10,4
3245,10,4
3246,8,4
3247,10,4
3248,8,4
3249,10,4
3250,10,4
3251,8,4
3252,7,4
3253,7,4
3254,8,4
3255,7,4
3256,6,4
3257,6,4
3258,6,4
3259,6,4
3260,6,4
3261,6,4
3262,6,4
3263,5,4
3264,5,4
3265,5,4
3266,5,4
3267,4,4
3268,4,4
3269,4,4
3270,5,4
3271,5,4
3272,6,4
3273,6,4
3274,6,4
3275,6,4
3276,6,4
3277,7,4
3278,7,4
3279,6,4
3280,6,4
3281,6,4
3282,6,4
3283,6,4
3284,4,4
3285,5,4
3286,4,4
3287,5,4
3288,6,4
3289,5,4
3290,4,4
3291,5,4
3292,5,4
3293,5,4
3294,6,4
3295,6,4
3296,6,4
3297,6,4
3298,6,4
3299,5,4
3300,6,4
3301,5,4
3302,5,4
3303,5,4
3304,5,4
3305,6,4
3306,4,4
3307,5,4
3308,6,4
3309,6,4
3310,5,4
3311,5,4
3312,5,4
3313,5,4
3314,5,4
3315,4,4
3316,5,4
3317,5,4
3318,5,4
3319,5,4
3320,4,4
3321,4,4
3322,4,4
3323,5,4
3324,4,4
3325,4,4
3326,4,4
3327,4,4
3328,4,4
3329,4,4
3330,4,4
3331,4,4
3332,4,4
3333,4,4
3334,5,4
3335,5,4
3336,5,4
3337,5,4
3338,5,4
3339,4,4
3340,4,4
3341,5,4
3342,4,4
3343,4,4
3344,4,4
3345,4,4
3346,4,4
3347,4,4
3348,4,4
3349,4,4
3350,4,4
3351,4,4
3352,5,4
3353,5,4
3354,4,4
3355,4,4
3356,4,4
3357,3,4
3358,3,4
3359,3,4
3360,3,4
3361,4,4
3362,4,4
3363,4,4
3364,4,4
3365,4,4
3366,4,4
3367,5,4
3368,4,4
3369,4,4
3370,3,4
3371,4,4
3372,5,4
3373,6,4
3374,4,4
3375,4,4
3376,3,4
3377,4,4
3378,3,4
3379,4,4
3380,4,4
3381,3,4
3382,4,4
3383,3,4
3384,3,4
3385,3,4
3386,1,4
3387,2,4
3388,0,4
3389,1,4
3390,2,4
3391,2,4
3392,2,4
3393,2,4
3394,2,4
3395,2,4
3396,2,4
3397,2,4
3398,2,4
3399,2,4
3400,2,4
3401,2,4
3402,2,4
3403,2,4
3404,2,4
3405,2,4
3406,2,4
3407,2,4
3408,2,4
3409,2,4
3410,2,4
3411,1,4
3412,1,4
3413,0,4
3414,0,4
3415,0,4
3416,1,4
3417,1,4
3418,2,4
3419,2,4
3420,2,4
3421,2,4
3422,2,4
3423,2,4
3424,3,4
3425,3,4
3426,2,4
3427,2,4
3428,2,4
3429,2,4
3430,2,4
3431,2,4
3432,2,4
3433,2,4
3434,2,4
3435,2,4
3436,2,4
3437,2,4
3438,2,4
3439,2,4
3440,2,4
3441,2,4
3442,2,4
3443,2,4
3444,2,4
3445,2,4
3446,2,4
3447,2,4
3448,2,4
3449,2,4
3450,2,4
3451,2,4
3452,2,4
3453,2,4
3454,2,4
3455,18,5
3456,18,5
3457,18,5
3458,18,5
3459,18,5
3460,18,5
3461,18,5
3462,18,5
3463,18,5
3464,19,5
3465,18,5
3466,20,5
3467,20,5
3468,20,5
3469,19,5
3470,18,5
3471,19,5
3472,20,5
3473,20,5
3474,19,5
3475,19,5
3476,19,5
3477,20,5
3478,20,5
3479,20,5
3480,20,5
3481,19,5
3482,19,5
3483,19,5
3484,19,5
3485,19,5
3486,19,5
3487,19,5
3488,19,5
3489,19,5
3490,19,5
3491,19,5
3492,19,5
3493,19,5
3494,20,5
3495,20,5
3496,19,5
3497,19,5
3498,19,5
3499,19,5
3500,19,5
3501,21,5
3502,20,5
3503,20,5
3504,20,5
3505,22,5
3506,20,5
3507,21,5
3508,20,5
3509,19,5
3510,22,5
3511,20,5
3512,19,5
3513,21,5
3514,21,5
3515,21,5
3516,21,5
3517,21,5
3518,21,5
3519,21,5
3520,21,5
3521,22,5
3522,22,5
3523,22,5
3524,22,5
3525,22,5
3526,22,5
3527,21,5
3528,20,5
3529,21,5
3530,21,5
3531,23,5
3532,21,5
3533,22,5
3534,23,5
3535,22,5
3536,22,5
3537,21,5
3538,22,5
3539,22,5
3540,22,5
3541,23,5
3542,22,5
3543,21,5
3544,21,5
3545,22,5
3546,22,5
3547,22,5
3548,22,5
3549,21,5
3550,21,5
3551,21,5
3552,21,5
3553,20,5
3554,21,5
3555,20,5
3556,21,5
3557,22,5
3558,21,5
3559,22,5
3560,20,5
3561,21,5
3562,22,5
3563,21,5
3564,21,5
3565,20,5
3566,21,5
3567,22,5
3568,21,5
3569,21,5
3570,22,5
3571,22,5
3572,22,5
3573,22,5
3574,22,5
3575,21,5
3576,22,5
3577,22,5
3578,21,5
3579,22,5
3580,22,5
3581,22,5
3582,22,5
3583,22,5
3584,21,5
3585,21,5
3586,21,5
3587,21,5
3588,21,5
3589,21,5
3590,21,5
3591,20,5
3592,21,5
3593,21,5
3594,20,5
3595,20,5
3596,22,5
3597,21,5
3598,22,5
3599,22,5
3600,19,5
3601,21,5
3602,21,5
3603,20,5
3604,20,5
3605,20,5
3606,20,5
3607,21,5
3608,19,5
3609,20,5
3610,19,5
3611,19,5
3612,19,5
3613,20,5
3614,20,5
3615,21,5
3616,19,5
3617,19,5
3618,20,5
3619,20,5
3620,20,5
3621,20,5
3622,20,5
3623,19,5
3624,20,5
3625,19,5
3626,21,5
3627,20,5
3628,20,5
3629,20,5
3630,21,5
3631,20,5
3632,18,5
3633,20,5
3634,19,5
3635,19,5
3636,18,5
3637,19,5
3638,19,5
3639,18,5
3640,18,5
3641,18,5
3642,18,5
3643,18,5
3644,18,5
3645,17,5
3646,17,5
3647,17,5
3648,17,5
3649,16,5
3650,17,5
3651,17,5
3652,17,5
3653,17,5
3654,18,5
3655,17,5
3656,17,5
3657,18,5
3658,18,5
3659,19,5
3660,19,5
3661,19,5
3662,18,5
3663,18,5
3664,20,5
3665,20,5
3666,20,5
3667,20,5
3668,20,5
3669,21,5
3670,19,5
3671,17,5
3672,17,5
3673,17,5
3674,17,5
3675,17,5
3676,17,5
3677,17,5
3678,16,5
3679,16,5
3680,17,5
3681,18,5
3682,19,5
3683,19,5
3684,17,5
3685,17,5
3686,17,5
3687,17,5
3688,15,5
3689,15,5
3690,16,5
3691,14,5
3692,15,5
3693,15,5
3694,14,5
3695,14,5
3696,15,5
3697,14,5
3698,14,5
3699,14,5
3700,14,5
3701,14,5
3702,15,5
3703,15,5
3704,14,5
3705,13,5
3706,13,5
3707,14,5
3708,14,5
3709,13,5
3710,14,5
3711,14,5
3712,15,5
3713,14,5
3714,14,5
3715,14,5
3716,14,5
3717,14,5
3718,14,5
3719,15,5
3720,15,5
3721,15,5
3722,15,5
3723,14,5
3724,14,5
3725,14,5
3726,14,5
3727,15,5
3728,14,5
3729,14,5
3730,14,5
3731,15,5
3732,15,5
3733,15,5
3734,15,5
3735,15,5
3736,14,5
3737,15,5
3738,14,5
3739,15,5
3740,14,5
3741,16,5
3742,17,5
3743,16,5
3744,16,5
3745,16,5
3746,16,5
3747,16,5
3748,17,5
3749,17,5
3750,16,5
3751,17,5
3752,18,5
3753,17,5
3754,18,5
3755,18,5
3756,18,5
3757,18,5
3758,18,5
3759,18,5
3760,17,5
3761,17,5
3762,17,5
3763,16,5
3764,17,5
3765,18,5
3766,17,5
3767,18,5
3768,18,5
3769,18,5
3770,18,5
3771,17,5
3772,18,5
3773,18,5
3774,18,5
3775,18,5
3776,18,5
3777,17,5
3778,17,5
3779,16,5
3780,17,5
3781,15,5
3782,16,5
3783,16,5
3784,15,5
3785,17,5
3786,17,5
3787,16,5
3788,16,5
3789,16,5
3790,16,5
3791,16,5
3792,16,5
3793,16,5
3794,15,5
3795,14,5
3796,16,5
3797,16,5
3798,16,5
3799,15,5
3800,16,5
3801,15,5
3802,15,5
3803,17,5
3804,16,5
3805,16,5
3806,16,5
3807,16,5
3808,15,5
3809,14,5
3810,15,5
3811,15,5
3812,16,5
3813,16,5
3814,16,5
3815,16,5
3816,16,5
3817,15,5
3818,15,5
3819,16,5
3820,15,5
3821,16,5
3822,16,5
3823,16,5
3824,16,5
3825,16,5
3826,16,5
3827,16,5
3828,17,5
3829,16,5
3830,16,5
3831,16,5
3832,15,5
3833,17,5
3834,17,5
3835,17,5
3836,18,5
3837,17,5
3838,18,5
3839,16,5
3840,16,5
3841,16,5
3842,15,5
3843,14,5
3844,14,5
3845,15,5
3846,14,5
3847,15,5
3848,15,5
3849,15,5
3850,15,5
3851,16,5
3852,16,5
3853,14,5
3854,14,5
3855,16,5
3856,16,5
3857,15,5
3858,16,5
3859,16,5
3860,16,5
3861,16,5
3862,16,5
3863,16,5
3864,16,5
3865,14,5
3866,15,5
3867,15,5
3868,14,5
3869,15,5
3870,15,5
3871,15,5
3872,15,5
3873,15,5
3874,14,5
3875,16,5
3876,15,5
3877,15,5
3878,16,5
3879,15,5
3880,15,5
3881,14,5
3882,16,5
3883,16,5
3884,16,5
3885,16,5
3886,16,5
3887,15,5
3888,15,5
3889,15,5
3890,15,5
3891,15,5
3892,15,5
3893,16,5
3894,16,5
3895,15,5
3896,15,5
3897,15,5
3898,15,5
3899,15,5
3900,15,5
3901,15,5
3902,15,5
3903,15,5
3904,16,5
3905,16,5
3906,16,5
3907,20,5
3908,19,5
3909,19,5
3910,19,5
3911,19,5
3912,18,5
3913,18,5
3914,19,5
3915,18,5
3916,18,5
3917,19,5
3918,18,5
3919,17,5
3920,18,5
3921,18,5
3922,18,5
3923,18,5
3924,18,5
3925,18,5
3926,19,5
3927,17,5
3928,18,5
3929,17,5
3930,18,5
3931,17,5
3932,17,5
3933,17,5
3934,18,5
3935,18,5
3936,17,5
3937,16,5
3938,17,5
3939,17,5
3940,16,5
3941,17,5
3942,15,5
3943,12,5
3944,13,5
3945,13,5
3946,14,5
3947,14,5
3948,14,5
3949,12,5
3950,13,5
3951,14,5
3952,14,5
3953,12,5
3954,12,5
3955,12,5
3956,12,5
3957,12,5
3958,12,5
3959,10,5
3960,11,5
3961,11,5
3962,10,5
3963,9,5
3964,9,5
3965,9,5
3966,9,5
3967,9,5
3968,9,5
3969,9,5
3970,10,5
3971,8,5
3972,9,5
3973,9,5
3974,8,5
3975,7,5
3976,7,5
3977,7,5
3978,6,5
3979,7,5
3980,8,5
3981,5,5
3982,4,5
3983,4,5
3984,5,5
3985,5,5
3986,5,5
3987,4,5
3988,4,5
3989,2,5
3990,3,5
3991,4,5
3992,3,5
3993,3,5
3994,3,5
3995,3,5
3996,3,5
3997,1,5
3998,2,5
3999,2,5
4000,1,5
4001,1,5
4002,1,5
4003,1,5
4004,1,5
4005,1,5
4006,1,5
4007,0,5
4008,0,5
4009,0,5
4010,0,5
4011,0,5
4012,0,5
4013,0,5
4014,0,5
4015,0,5
4016,0,5
4017,0,5
4018,0,5
4019,0,5
4020,0,5
4021,0,5
4022,0,5
4023,0,5
4024,0,5
4025,0,5
4026,0,5
4027,0,5
4028,0,5
4029,0,5
4030,0,5
4031,0,5
4032,0,5
4033,0,5
4034,19,6
4035,19,6
4036,19,6
4037,19,6
4038,20,6
4039,19,6
4040,19,6
4041,20,6
4042,20,6
4043,19,6
4044,19,6
4045,19,6
4046,20,6
4047,19,6
4048,19,6
4049,19,6
4050,20,6
4051,20,6
4052,19,6
4053,18,6
4054,17,6
4055,17,6
4056,17,6
4057,17,6
4058,16,6
4059,16,6
4060,16,6
4061,16,6
4062,18,6
4063,18,6
4064,19,6
4065,18,6
4066,18,6
4067,18,6
4068,20,6
4069,21,6
4070,20,6
4071,21,6
4072,21,6
4073,21,6
4074,19,6
4075,21,6
4076,19,6
4077,19,6
4078,18,6
4079,19,6
4080,18,6
4081,18,6
4082,19,6
4083,17,6
4084,17,6
4085,17,6
4086,17,6
4087,17,6
4088,18,6
4089,19,6
4090,17,6
4091,18,6
4092,17,6
4093,19,6
4094,19,6
4095,18,6
4096,18,6
4097,18,6
4098,18,6
4099,18,6
4100,19,6
4101,19,6
4102,18,6
4103,18,6
4104,18,6
4105,20,6
4106,19,6
4107,19,6
4108,19,6
4109,20,6
4110,20,6
4111,21,6
4112,21,6
4113,20,6
4114,20,6
4115,20,6
4116,20,6
4117,20,6
4118,19,6
4119,20,6
4120,19,6
4121,20,6
4122,19,6
4123,19,6
4124,20,6
4125,20,6
4126,20,6
4127,21,6
4128,21,6
4129,21,6
4130,20,6
4131,22,6
4132,19,6
4133,19,6
4134,19,6
4135,19,6
4136,19,6
4137,20,6
4138,20,6
4139,19,6
4140,20,6
4141,19,6
4142,21,6
4143,21,6
4144,21,6
4145,20,6
4146,21,6
4147,20,6
4148,21,6
4149,21,6
4150,21,6
4151,21,6
4152,21,6
4153,21,6
4154,21,6
4155,21,6
4156,21,6
4157,22,6
4158,22,6
4159,22,6
4160,21,6
4161,21,6
4162,21,6
4163,21,6
4164,21,6
4165,21,6
4166,21,6
4167,21,6
4168,21,6
4169,21,6
4170,21,6
4171,22,6
4172,21,6
4173,22,6
4174,22,6
4175,22,6
4176,22,6
4177,22,6
4178,21,6
4179,22,6
4180,22,6
4181,22,6
4182,22,6
4183,22,6
4184,22,6
4185,21,6
4186,22,6
4187,22,6
4188,22,6
4189,22,6
4190,22,6
4191,20,6
4192,21,6
4193,20,6
4194,21,6
4195,20,6
4196,20,6
4197,20,6
4198,20,6
4199,20,6
4200,19,6
4201,18,6
4202,18,6
4203,18,6
4204,19,6
4205,19,6
4206,20,6
4207,20,6
4208,19,6
4209,19,6
4210,19,6
4211,19,6
4212,19,6
4213,19,6
4214,19,6
4215,19,6
4216,20,6
4217,20,6
4218,19,6
4219,19,6
4220,20,6
4221,19,6
4222,19,6
4223,18,6
4224,18,6
4225,19,6
4226,18,6
4227,17,6
4228,18,6
4229,19,6
4230,19,6
4231,19,6
4232,19,6
4233,19,6
4234,17,6
4235,19,6
4236,16,6
4237,16,6
4238,18,6
4239,19,6
4240,19,6
4241,18,6
4242,17,6
4243,18,6
4244,21,6
4245,20,6
4246,18,6
4247,18,6
4248,18,6
4249,18,6
4250,20,6
4251,20,6
4252,18,6
4253,19,6
4254,18,6
4255,19,6
4256,18,6
4257,19,6
4258,17,6
4259,19,6
4260,19,6
4261,18,6
4262,17,6
4263,19,6
4264,19,6
4265,19,6
4266,19,6
4267,19,6
4268,19,6
4269,19,6
4270,19,6
4271,19,6
4272,19,6
4273,19,6
4274,20,6
4275,20,6
4276,20,6
4277,20,6
4278,20,6
4279,19,6
4280,20,6
4281,20,6
4282,20,6
4283,20,6
4284,20,6
4285,20,6
4286,20,6
4287,18,6
4288,19,6
4289,19,6
4290,19,6
4291,19,6
4292,19,6
4293,19,6
4294,19,6
4295,18,6
4296,21,6
4297,19,6
4298,19,6
4299,19,6
4300,18,6
4301,19,6
4302,20,6
4303,19,6
4304,19,6
4305,19,6
4306,19,6
4307,18,6
4308,16,6
4309,19,6
4310,19,6
4311,18,6
4312,17,6
4313,19,6
4314,19,6
4315,18,6
4316,19,6
4317,19,6
4318,19,6
4319,18,6
4320,17,6
4321,18,6
4322,18,6
4323,19,6
4324,19,6
4325,17,6
4326,18,6
4327,18,6
4328,18,6
4329,19,6
4330,18,6
4331,19,6
4332,19,6
4333,20,6
4334,20,6
4335,19,6
4336,20,6
4337,19,6
4338,18,6
4339,18,6
4340,20,6
4341,20,6
4342,20,6
4343,19,6
4344,18,6
4345,18,6
4346,18,6
4347,17,6
4348,19,6
4349,19,6
4350,18,6
4351,19,6
4352,18,6
4353,20,6
4354,18,6
4355,18,6
4356,17,6
4357,17,6
4358,18,6
4359,17,6
4360,18,6
4361,18,6
4362,18,6
4363,19,6
4364,19,6
4365,18,6
4366,17,6
4367,18,6
4368,17,6
4369,18,6
4370,17,6
4371,16,6
4372,18,6
4373,17,6
4374,17,6
4375,17,6
4376,17,6
4377,17,6
4378,16,6
4379,16,6
4380,16,6
4381,16,6
4382,17,6
4383,15,6
4384,16,6
4385,17,6
4386,17,6
4387,17,6
4388,17,6
4389,17,6
4390,17,6
4391,16,6
4392,16,6
4393,16,6
4394,16,6
4395,15,6
4396,14,6
4397,15,6
4398,15,6
4399,16,6
4400,16,6
4401,17,6
4402,16,6
4403,16,6
4404,16,6
4405,16,6
4406,16,6
4407,16,6
4408,15,6
4409,15,6
4410,16,6
4411,14,6
4412,15,6
4413,15,6
4414,14,6
4415,14,6
4416,15,6
4417,15,6
4418,14,6
4419,14,6
4420,15,6
4421,17,6
4422,17,6
4423,17,6
4424,16,6
4425,17,6
4426,16,6
4427,14,6
4428,17,6
4429,16,6
4430,16,6
4431,16,6
4432,16,6
4433,15,6
4434,14,6
4435,13,6
4436,15,6
4437,15,6
4438,14,6
4439,14,6
4440,15,6
4441,15,6
4442,15,6
4443,15,6
4444,15,6
4445,15,6
4446,14,6
4447,14,6
4448,14,6
4449,14,6
4450,14,6
4451,17,6
4452,16,6
4453,16,6
4454,16,6
4455,16,6
4456,16,6
4457,16,6
4458,16,6
4459,16,6
4460,17,6
4461,18,6
4462,16,6
4463,16,6
4464,17,6
4465,16,6
4466,17,6
4467,16,6
4468,16,6
4469,17,6
4470,18,6
4471,16,6
4472,16,6
4473,17,6
4474,17,6
4475,17,6
4476,17,6
4477,17,6
4478,17,6
4479,18,6
4480,16,6
4481,16,6
4482,16,6
4483,17,6
4484,17,6
4485,15,6
4486,16,6
4487,16,6
4488,15,6
4489,15,6
4490,16,6
4491,16,6
4492,18,6
4493,18,6
4494,17,6
4495,18,6
4496,17,6
4497,18,6
4498,17,6
4499,16,6
4500,16,6
4501,16,6
4502,18,6
4503,17,6
4504,18,6
4505,17,6
4506,17,6
4507,16,6
4508,17,6
4509,16,6
4510,16,6
4511,16,6
4512,16,6
4513,14,6
4514,15,6
4515,15,6
4516,15,6
4517,16,6
4518,17,6
4519,17,6
4520,17,6
4521,17,6
4522,18,6
4523,18,6
4524,18,6
4525,18,6
4526,17,6
4527,17,6
4528,17,6
4529,18,6
4530,19,6
4531,19,6
4532,19,6
4533,19,6
4534,19,6
4535,19,6
4536,18,6
4537,18,6
4538,18,6
4539,18,6
4540,19,6
4541,19,6
4542,19,6
4543,19,6
4544,19,6
4545,19,6
4546,19,6
4547,19,6
4548,19,6
4549,19,6
4550,19,6
4551,18,6
4552,19,6
4553,18,6
4554,18,6
4555,19,6
4556,19,6
4557,19,6
4558,19,6
4559,19,6
4560,20,6
4561,18,6
4562,18,6
4563,20,6
4564,20,6
4565,19,6
4566,18,6
4567,18,6
4568,18,6
4569,18,6
4570,17,6
4571,17,6
4572,17,6
4573,18,6
4574,18,6
4575,18,6
4576,18,6
4577,18,6
4578,18,6
4579,18,6
4580,18,6
4581,18,6
4582,17,6
4583,17,6
4584,19,6
4585,19,6
4586,19,6
4587,19,6
4588,19,6
4589,19,6
4590,19,6
4591,20,6
4592,20,6
4593,19,6
4594,20,6
4595,20,6
4596,21,6
4597,21,6
4598,21,6
4599,21,6
4600,21,6
4601,21,6
4602,20,6
4603,21,6
4604,21,6
4605,22,6
4606,21,6
4607,21,6
4608,20,6
4609,19,6
4610,20,6
4611,18,6
4612,19,6
4613,19,6
4614,19,6
4615,20,6
4616,19,6
4617,20,6
4618,20,6
4619,21,6
4620,21,6
4621,22,6
4622,21,6
4623,19,6
4624,18,6
4625,18,6
4626,18,6
4627,18,6
4628,18,6
4629,18,6
4630,18,6
4631,18,6
4632,18,6
4633,18,6
4634,17,6
4635,17,6
4636,18,6
4637,17,6
4638,17,6
4639,18,6
4640,17,6
4641,18,6
4642,18,6
4643,18,6
4644,19,6
4645,17,6
4646,17,6
4647,18,6
4648,17,6
4649,17,6
4650,18,6
4651,17,6
4652,16,6
4653,16,6
4654,17,6
4655,18,6
4656,18,6
4657,17,6
4658,17,6
4659,17,6
4660,17,6
4661,17,6
4662,16,6
4663,17,6
4664,16,6
4665,16,6
4666,16,6
4667,16,6
4668,15,6
4669,16,6
4670,17,6
4671,17,6
4672,15,6
4673,15,6
4674,15,6
4675,15,6
4676,15,6
4677,16,6
4678,16,6
4679,16,6
4680,17,6
4681,16,6
4682,16,6
4683,16,6
4684,16,6
4685,16,6
4686,16,6
4687,17,6
4688,18,6
4689,18,6
4690,18,6
4691,19,6
4692,19,6
4693,19,6
4694,18,6
4695,19,6
4696,18,6
4697,17,6
4698,17,6
4699,17,6
4700,18,6
4701,17,6
4702,18,6
4703,18,6
4704,19,6
4705,18,6
4706,18,6
4707,17,6
4708,18,6
4709,19,6
4710,19,6
4711,20,6
4712,19,6
4713,19,6
4714,19,6
4715,18,6
4716,17,6
4717,17,6
4718,17,6
4719,18,6
4720,18,6
4721,18,6
4722,18,6
4723,18,6
4724,19,6
4725,19,6
4726,17,6
4727,19,6
4728,17,6
4729,19,6
4730,18,6
4731,20,6
4732,20,6
4733,20,6
4734,21,6
4735,21,6
4736,22,6
4737,20,6
4738,21,6
4739,21,6
4740,21,6
4741,20,6
4742,21,6
4743,21,6
4744,21,6
4745,20,6
4746,21,6
4747,20,6
4748,21,6
4749,21,6
4750,21,6
4751,22,6
4752,22,6
4753,22,6
4754,22,6
4755,21,6
4756,21,6
4757,21,6
4758,21,6
4759,21,6
4760,21,6
4761,21,6
4762,21,6
4763,21,6
4764,21,6
4765,21,6
4766,21,6
4767,21,6
4768,21,6
4769,21,6
4770,21,6
4771,21,6
4772,21,6
4773,21,6
4774,20,6
4775,21,6
4776,21,6
4777,21,6
4778,20,6
4779,20,6
4780,17,6
4781,15,6
4782,18,6
4783,17,6
4784,19,6
4785,19,6
4786,21,6
4787,19,6
4788,20,6
4789,20,6
4790,18,6
4791,17,6
4792,16,6
4793,15,6
4794,17,6
4795,14,6
4796,15,6
4797,16,6
4798,17,6
4799,18,6
4800,19,6
4801,18,6
4802,17,6
4803,15,6
4804,17,6
4805,19,6
4806,17,6
4807,15,6
4808,16,6
4809,16,6
4810,15,6
4811,17,6
4812,17,6
4813,18,6
4814,17,6
4815,18,6
4816,18,6
4817,17,6
4818,19,6
4819,18,6
4820,18,6
4821,18,6
4822,17,6
4823,16,6
4824,17,6
4825,17,6
4826,16,6
4827,15,6
4828,16,6
4829,16,6
4830,16,6
4831,15,6
4832,14,6
4833,12,6
4834,13,6
4835,14,6
4836,15,6
4837,13,6
4838,11,6
4839,10,6
4840,8,6
4841,9,6
4842,9,6
4843,9,6
4844,9,6
4845,9,6
4846,9,6
4847,9,6
4848,8,6
4849,7,6
4850,8,6
4851,9,6
4852,9,6
4853,8,6
4854,8,6
4855,9,6
4856,8,6
4857,7,6
4858,7,6
4859,8,6
4860,7,6
4861,5,6
4862,6,6
4863,6,6
4864,6,6
4865,6,6
4866,4,6
4867,3,6
4868,3,6
4869,6,6
4870,5,6
4871,4,6
4872,3,6
4873,3,6
4874,3,6
4875,6,6
4876,6,6
4877,5,6
4878,4,6
4879,2,6
4880,4,6
4881,3,6
4882,1,6
4883,1,6
4884,1,6
4885,1,6
4886,1,6
4887,1,6
4888,1,6
4889,1,6
4890,1,6
4891,1,6
4892,1,6
4893,1,6
4894,1,6
4895,1,6
4896,1,6
4897,1,6
4898,1,6
4899,1,6
4900,1,6
4901,1,6
4902,1,6
4903,1,6
4904,1,6
4905,1,6
4906,1,6
4907,1,6
4908,1,6
4909,1,6
4910,1,6
4911,1,6
4912,1,6
4913,1,6
4914,1,6
4915,1,6
4916,1,6
4917,1,6
4918,1,6
4919,1,6
4920,1,6
4921,1,6
4922,1,6
4923,1,6
4924,1,6
4925,1,6
4926,1,6
4927,1,6
4928,1,6
4929,20,7
4930,20,7
4931,20,7
4932,21,7
4933,21,7
4934,21,7
4935,21,7
4936,19,7
4937,19,7
4938,20,7
4939,19,7
4940,19,7
4941,19,7
4942,18,7
4943,18,7
4944,19,7
4945,18,7
4946,18,7
4947,17,7
4948,17,7
4949,18,7
4950,18,7
4951,18,7
4952,18,7
4953,19,7
4954,18,7
4955,20,7
4956,19,7
4957,19,7
4958,20,7
4959,20,7
4960,19,7
4961,19,7
4962,20,7
4963,20,7
4964,20,7
4965,21,7
4966,20,7
4967,19,7
4968,19,7
4969,18,7
4970,19,7
4971,19,7
4972,20,7
4973,20,7
4974,19,7
4975,20,7
4976,20,7
4977,20,7
4978,20,7
4979,20,7
4980,20,7
4981,19,7
4982,20,7
4983,20,7
4984,20,7
4985,20,7
4986,20,7
4987,20,7
4988,20,7
4989,20,7
4990,20,7
4991,20,7
4992,20,7
4993,20,7
4994,20,7
4995,20,7
4996,19,7
4997,20,7
4998,20,7
4999,19,7
5000,19,7
5001,19,7
5002,19,7
5003,19,7
5004,19,7
5005,19,7
5006,19,7
5007,19,7
5008,19,7
5009,18,7
5010,18,7
5011,18,7
5012,18,7
5013,20,7
5014,20,7
5015,20,7
5016,21,7
5017,21,7
5018,20,7
5019,20,7
5020,19,7
5021,20,7
5022,20,7
5023,20,7
5024,20,7
5025,20,7
5026,20,7
5027,19,7
5028,18,7
5029,18,7
5030,18,7
5031,17,7
5032,17,7
5033,18,7
5034,18,7
5035,19,7
5036,17,7
5037,18,7
5038,18,7
5039,18,7
5040,18,7
5041,18,7
5042,18,7
5043,17,7
5044,18,7
5045,16,7
5046,18,7
5047,18,7
5048,18,7
5049,18,7
5050,18,7
5051,18,7
5052,18,7
5053,18,7
5054,18,7
5055,18,7
5056,19,7
5057,19,7
5058,19,7
5059,19,7
5060,19,7
5061,19,7
5062,18,7
5063,18,7
5064,18,7
5065,17,7
5066,19,7
5067,18,7
5068,18,7
5069,18,7
5070,17,7
5071,18,7
5072,18,7
5073,18,7
5074,18,7
5075,18,7
5076,18,7
5077,19,7
5078,19,7
5079,19,7
5080,19,7
5081,17,7
5082,17,7
5083,17,7
5084,17,7
5085,17,7
5086,17,7
5087,18,7
5088,19,7
5089,18,7
5090,18,7
5091,18,7
5092,18,7
5093,19,7
5094,18,7
5095,19,7
5096,18,7
5097,18,7
5098,17,7
5099,17,7
5100,17,7
5101,18,7
5102,17,7
5103,18,7
5104,19,7
5105,19,7
5106,18,7
5107,19,7
5108,19,7
5109,19,7
5110,18,7
5111,19,7
5112,19,7
5113,20,7
5114,19,7
5115,20,7
5116,20,7
5117,18,7
5118,19,7
5119,19,7
5120,19,7
5121,18,7
5122,20,7
5123,20,7
5124,20,7
5125,19,7
5126,20,7
5127,19,7
5128,17,7
5129,17,7
5130,18,7
5131,20,7
5132,19,7
5133,19,7
5134,20,7
5135,19,7
5136,20,7
5137,19,7
5138,19,7
5139,19,7
5140,19,7
5141,19,7
5142,19,7
5143,18,7
5144,18,7
5145,18,7
5146,19,7
5147,20,7
5148,19,7
5149,20,7
5150,18,7
5151,17,7
5152,19,7
5153,19,7
5154,17,7
5155,19,7
5156,19,7
5157,19,7
5158,19,7
5159,20,7
5160,19,7
5161,20,7
5162,18,7
5163,18,7
5164,18,7
5165,18,7
5166,17,7
5167,18,7
5168,19,7
5169,19,7
5170,18,7
5171,19,7
5172,18,7
5173,19,7
5174,18,7
5175,21,7
5176,18,7
5177,20,7
5178,19,7
5179,18,7
5180,19,7
5181,19,7
5182,19,7
5183,20,7
5184,19,7
5185,18,7
5186,18,7
5187,19,7
5188,17,7
5189,18,7
5190,19,7
5191,19,7
5192,19,7
5193,19,7
5194,19,7
5195,19,7
5196,19,7
5197,21,7
5198,19,7
5199,19,7
5200,19,7
5201,19,7
5202,18,7
5203,18,7
5204,18,7
5205,20,7
5206,20,7
5207,20,7
5208,20,7
5209,17,7
5210,19,7
5211,18,7
5212,19,7
5213,20,7
5214,19,7
5215,19,7
5216,19,7
5217,19,7
5218,19,7
5219,18,7
5220,19,7
5221,19,7
5222,19,7
5223,18,7
5224,18,7
5225,17,7
5226,16,7
5227,17,7
5228,16,7
5229,15,7
5230,16,7
5231,17,7
5232,17,7
5233,17,7
5234,19,7
5235,16,7
5236,16,7
5237,16,7
5238,18,7
5239,16,7
5240,17,7
5241,16,7
5242,16,7
5243,17,7
5244,17,7
5245,18,7
5246,18,7
5247,16,7
5248,16,7
5249,16,7
5250,17,7
5251,17,7
5252,16,7
5253,16,7
5254,17,7
5255,17,7
5256,18,7
5257,18,7
5258,17,7
5259,18,7
5260,18,7
5261,18,7
5262,18,7
5263,18,7
5264,18,7
5265,18,7
5266,18,7
5267,17,7
5268,18,7
5269,18,7
5270,18,7
5271,17,7
5272,17,7
5273,17,7
5274,17,7
5275,17,7
5276,17,7
5277,17,7
5278,17,7
5279,17,7
5280,18,7
5281,18,7
5282,18,7
5283,17,7
5284,17,7
5285,17,7
5286,17,7
5287,17,7
5288,17,7
5289,16,7
5290,16,7
5291,17,7
5292,16,7
5293,16,7
5294,16,7
5295,17,7
5296,17,7
5297,18,7
5298,18,7
5299,19,7
5300,19,7
5301,18,7
5302,18,7
5303,18,7
5304,17,7
5305,18,7
5306,17,7
5307,17,7
5308,18,7
5309,18,7
5310,18,7
5311,18,7
5312,18,7
5313,18,7
5314,18,7
5315,18,7
5316,18,7
5317,18,7
5318,17,7
5319,17,7
5320,17,7
5321,17,7
5322,18,7
5323,18,7
5324,18,7
5325,19,7
5326,19,7
5327,19,7
5328,19,7
5329,20,7
5330,18,7
5331,18,7
5332,18,7
5333,19,7
5334,19,7
5335,18,7
5336,19,7
5337,19,7
5338,19,7
5339,19,7
5340,19,7
5341,19,7
5342,18,7
5343,17,7
5344,18,7
5345,19,7
5346,19,7
5347,20,7
5348,19,7
5349,19,7
5350,20,7
5351,20,7
5352,20,7
5353,19,7
5354,19,7
5355,19,7
5356,19,7
5357,20,7
5358,18,7
5359,18,7
5360,18,7
5361,19,7
5362,19,7
5363,19,7
5364,20,7
5365,20,7
5366,19,7
5367,19,7
5368,20,7
5369,20,7
5370,20,7
5371,19,7
5372,20,7
5373,19,7
5374,19,7
5375,20,7
5376,19,7
5377,19,7
5378,20,7
5379,20,7
5380,19,7
5381,19,7
5382,18,7
5383,17,7
5384,18,7
5385,17,7
5386,17,7
5387,17,7
5388,17,7
5389,17,7
5390,17,7
5391,18,7
5392,17,7
5393,16,7
5394,16,7
5395,17,7
5396,17,7
5397,18,7
5398,18,7
5399,16,7
5400,16,7
5401,19,7
5402,18,7
5403,18,7
5404,17,7
5405,15,7
5406,17,7
5407,16,7
5408,15,7
5409,14,7
5410,14,7
5411,14,7
5412,14,7
5413,13,7
5414,15,7
5415,14,7
5416,14,7
5417,14,7
5418,14,7
5419,15,7
5420,16,7
5421,13,7
5422,14,7
5423,16,7
5424,14,7
5425,14,7
5426,12,7
5427,12,7
5428,13,7
5429,13,7
5430,12,7
5431,13,7
5432,13,7
5433,14,7
5434,14,7
5435,13,7
5436,15,7
5437,13,7
5438,14,7
5439,13,7
5440,13,7
5441,14,7
5442,13,7
5443,12,7
5444,12,7
5445,11,7
5446,11,7
5447,12,7
5448,12,7
5449,11,7
5450,11,7
5451,10,7
5452,8,7
5453,8,7
5454,9,7
5455,9,7
5456,10,7
5457,8,7
5458,9,7
5459,9,7
5460,9,7
5461,8,7
5462,9,7
5463,9,7
5464,10,7
5465,8,7
5466,8,7
5467,8,7
5468,8,7
5469,8,7
5470,8,7
5471,8,7
5472,7,7
5473,8,7
5474,7,7
5475,8,7
5476,5,7
5477,5,7
5478,5,7
5479,5,7
5480,4,7
5481,5,7
5482,4,7
5483,4,7
5484,5,7
5485,5,7
5486,3,7
5487,4,7
5488,4,7
5489,4,7
5490,5,7
5491,4,7
5492,4,7
5493,4,7
5494,5,7
5495,4,7
5496,4,7
5497,4,7
5498,4,7
5499,3,7
5500,3,7
5501,4,7
5502,4,7
5503,5,7
5504,5,7
5505,5,7
5506,4,7
5507,4,7
5508,5,7
5509,5,7
5510,5,7
5511,6,7
5512,6,7
5513,6,7
5514,5,7
5515,4,7
5516,4,7
5517,4,7
5518,5,7
5519,3,7
5520,3,7
5521,3,7
5522,2,7
5523,2,7
5524,3,7
5525,2,7
5526,2,7
5527,2,7
5528,3,7
5529,3,7
5530,2,7
5531,2,7
5532,2,7
5533,2,7
5534,1,7
5535,1,7
5536,2,7
5537,2,7
5538,2,7
5539,2,7
5540,2,7
5541,2,7
5542,1,7
5543,1,7
5544,1,7
5545,1,7
5546,2,7
5547,2,7
5548,3,7
5549,3,7
5550,3,7
5551,2,7
5552,2,7
5553,2,7
5554,2,7
5555,1,7
5556,1,7
5557,1,7
5558,1,7
5559,1,7
5560,1,7
5561,1,7
5562,1,7
5563,1,7
5564,1,7
5565,1,7
5566,1,7
5567,1,7
5568,2,7
5569,2,7
5570,2,7
5571,2,7
5572,2,7
5573,2,7
5574,2,7
5575,2,7
5576,2,7
5577,2,7
5578,2,7
5579,1,7
5580,1,7
5581,1,7
5582,1,7
5583,1,7
5584,1,7
5585,1,7
5586,1,7
5587,1,7
5588,1,7
5589,1,7
5590,1,7
5591,1,7
5592,0,7
5593,1,7
5594,1,7
5595,1,7
5596,13,8
5597,13,8
5598,13,8
5599,13,8
5600,16,8
5601,18,8
5602,18,8
5603,19,8
5604,19,8
5605,18,8
5606,19,8
5607,18,8
5608,19,8
5609,18,8
5610,17,8
5611,16,8
5612,17,8
5613,17,8
5614,16,8
5615,17,8
5616,17,8
5617,16,8
5618,18,8
5619,19,8
5620,18,8
5621,18,8
5622,18,8
5623,19,8
5624,19,8
5625,19,8
5626,18,8
5627,18,8
5628,19,8
5629,18,8
5630,19,8
5631,18,8
5632,19,8
5633,19,8
5634,20,8
5635,22,8
5636,22,8
5637,22,8
5638,22,8
5639,20,8
5640,20,8
5641,18,8
5642,20,8
5643,18,8
5644,16,8
5645,17,8
5646,16,8
5647,17,8
5648,16,8
5649,16,8
5650,17,8
5651,16,8
5652,16,8
5653,17,8
5654,17,8
5655,18,8
5656,16,8
5657,17,8
5658,15,8
5659,17,8
5660,17,8
5661,17,8
5662,17,8
5663,16,8
5664,16,8
5665,15,8
5666,16,8
5667,16,8
5668,16,8
5669,16,8
5670,16,8
5671,17,8
5672,18,8
5673,18,8
5674,19,8
5675,19,8
5676,19,8
5677,19,8
5678,18,8
5679,18,8
5680,17,8
5681,18,8
5682,18,8
5683,18,8
5684,17,8
5685,20,8
5686,18,8
5687,18,8
5688,17,8
5689,19,8
5690,19,8
5691,18,8
5692,18,8
5693,18,8
5694,19,8
5695,19,8
5696,19,8
5697,19,8
5698,19,8
5699,19,8
5700,18,8
5701,19,8
5702,20,8
5703,20,8
5704,20,8
5705,20,8
5706,19,8
5707,18,8
5708,18,8
5709,19,8
5710,20,8
5711,20,8
5712,20,8
5713,20,8
5714,19,8
5715,16,8
5716,17,8
5717,17,8
5718,17,8
5719,17,8
5720,17,8
5721,18,8
5722,18,8
5723,19,8
5724,18,8
5725,16,8
5726,16,8
5727,20,8
5728,17,8
5729,19,8
5730,20,8
5731,19,8
5732,18,8
5733,17,8
5734,19,8
5735,18,8
5736,18,8
5737,17,8
5738,18,8
5739,17,8
5740,18,8
5741,17,8
5742,17,8
5743,16,8
5744,18,8
5745,17,8
5746,17,8
5747,16,8
5748,17,8
5749,16,8
5750,14,8
5751,15,8
5752,16,8
5753,15,8
5754,16,8
5755,17,8
5756,16,8
5757,15,8
5758,16,8
5759,15,8
5760,17,8
5761,16,8
5762,15,8
5763,16,8
5764,17,8
5765,15,8
5766,15,8
5767,17,8
5768,21,8
5769,19,8
5770,20,8
5771,20,8
5772,20,8
5773,17,8
5774,17,8
5775,18,8
5776,16,8
5777,17,8
5778,15,8
5779,18,8
5780,16,8
5781,16,8
5782,15,8
5783,19,8
5784,18,8
5785,21,8
5786,20,8
5787,19,8
5788,20,8
5789,21,8
5790,18,8
5791,20,8
5792,18,8
5793,17,8
5794,17,8
5795,17,8
5796,17,8
5797,18,8
5798,17,8
5799,17,8
5800,16,8
5801,18,8
5802,20,8
5803,20,8
5804,19,8
5805,19,8
5806,21,8
5807,20,8
5808,16,8
5809,17,8
5810,15,8
5811,19,8
5812,18,8
5813,18,8
5814,18,8
5815,21,8
5816,20,8
5817,20,8
5818,19,8
5819,18,8
5820,17,8
5821,17,8
5822,17,8
5823,18,8
5824,17,8
5825,17,8
5826,18,8
5827,16,8
5828,19,8
5829,18,8
5830,17,8
5831,17,8
5832,18,8
5833,19,8
5834,19,8
5835,20,8
5836,18,8
5837,19,8
5838,20,8
5839,19,8
5840,17,8
5841,19,8
5842,18,8
5843,17,8
5844,18,8
5845,21,8
5846,18,8
5847,18,8
5848,20,8
5849,18,8
5850,18,8
5851,15,8
5852,15,8
5853,16,8
5854,17,8
5855,17,8
5856,18,8
5857,18,8
5858,18,8
5859,16,8
5860,18,8
5861,18,8
5862,18,8
5863,17,8
5864,17,8
5865,16,8
5866,14,8
5867,14,8
5868,13,8
5869,15,8
5870,16,8
5871,16,8
5872,17,8
5873,15,8
5874,17,8
5875,15,8
5876,16,8
5877,15,8
5878,16,8
5879,16,8
5880,15,8
5881,17,8
5882,16,8
5883,16,8
5884,14,8
5885,17,8
5886,18,8
5887,18,8
5888,17,8
5889,16,8
5890,17,8
5891,17,8
5892,18,8
5893,16,8
5894,19,8
5895,16,8
5896,15,8
5897,16,8
5898,17,8
5899,17,8
5900,17,8
5901,16,8
5902,16,8
5903,18,8
5904,18,8
5905,18,8
5906,17,8
5907,16,8
5908,16,8
5909,17,8
5910,16,8
5911,18,8
5912,21,8
5913,18,8
5914,19,8
5915,16,8
5916,19,8
5917,19,8
5918,19,8
5919,18,8
5920,19,8
5921,19,8
5922,19,8
5923,17,8
5924,18,8
5925,18,8
5926,16,8
5927,17,8
5928,17,8
5929,17,8
5930,17,8
5931,19,8
5932,20,8
5933,19,8
5934,19,8
5935,18,8
5936,17,8
5937,18,8
5938,19,8
5939,21,8
5940,20,8
5941,19,8
5942,18,8
5943,18,8
5944,20,8
5945,20,8
5946,20,8
5947,20,8
5948,19,8
5949,20,8
5950,20,8
5951,20,8
5952,19,8
5953,19,8
5954,19,8
5955,19,8
5956,19,8
5957,19,8
5958,20,8
5959,21,8
5960,21,8
5961,20,8
5962,21,8
5963,20,8
5964,18,8
5965,17,8
5966,17,8
5967,17,8
5968,18,8
5969,19,8
5970,22,8
5971,22,8
5972,20,8
5973,21,8
5974,22,8
5975,22,8
5976,23,8
5977,24,8
5978,22,8
5979,21,8
5980,19,8
5981,18,8
5982,19,8
5983,19,8
5984,17,8
5985,18,8
5986,16,8
5987,18,8
5988,18,8
5989,17,8
5990,19,8
5991,19,8
5992,19,8
5993,19,8
5994,22,8
5995,20,8
5996,18,8
5997,18,8
5998,17,8
5999,19,8
6000,18,8
6001,18,8
6002,18,8
6003,19,8
6004,22,8
6005,19,8
6006,20,8
6007,20,8
6008,19,8
6009,22,8
6010,21,8
6011,22,8
6012,19,8
6013,19,8
6014,18,8
6015,21,8
6016,19,8
6017,18,8
6018,17,8
6019,16,8
6020,16,8
6021,16,8
6022,16,8
6023,16,8
6024,17,8
6025,16,8
6026,15,8
6027,16,8
6028,18,8
6029,17,8
6030,18,8
6031,16,8
6032,16,8
6033,16,8
6034,16,8
6035,16,8
6036,16,8
6037,19,8
6038,18,8
6039,17,8
6040,16,8
6041,17,8
6042,16,8
6043,17,8
6044,16,8
6045,17,8
6046,17,8
6047,17,8
6048,17,8
6049,18,8
6050,18,8
6051,15,8
6052,19,8
6053,17,8
6054,20,8
6055,18,8
6056,19,8
6057,19,8
6058,20,8
6059,20,8
6060,19,8
6061,20,8
6062,20,8
6063,21,8
6064,21,8
6065,19,8
6066,19,8
6067,20,8
6068,19,8
6069,19,8
6070,17,8
6071,17,8
6072,19,8
6073,20,8
6074,17,8
6075,17,8
6076,16,8
6077,18,8
6078,18,8
6079,17,8
6080,18,8
6081,17,8
6082,18,8
6083,18,8
6084,17,8
6085,15,8
6086,17,8
6087,15,8
6088,18,8
6089,18,8
6090,16,8
6091,18,8
6092,17,8
6093,18,8
6094,17,8
6095,17,8
6096,17,8
6097,17,8
6098,17,8
6099,18,8
6100,19,8
6101,19,8
6102,19,8
6103,18,8
6104,16,8
6105,19,8
6106,19,8
6107,18,8
6108,19,8
6109,16,8
6110,17,8
6111,18,8
6112,19,8
6113,18,8
6114,19,8
6115,17,8
6116,16,8
6117,13,8
6118,16,8
6119,16,8
6120,17,8
6121,17,8
6122,17,8
6123,16,8
6124,16,8
6125,16,8
6126,16,8
6127,16,8
6128,19,8
6129,19,8
6130,20,8
6131,18,8
6132,21,8
6133,20,8
6134,20,8
6135,17,8
6136,19,8
6137,17,8
6138,17,8
6139,18,8
6140,14,8
6141,14,8
6142,15,8
6143,18,8
6144,18,8
6145,17,8
6146,15,8
6147,17,8
6148,19,8
6149,16,8
6150,18,8
6151,18,8
6152,20,8
6153,22,8
6154,20,8
6155,17,8
6156,23,8
6157,19,8
6158,21,8
6159,18,8
6160,21,8
6161,15,8
6162,15,8
6163,16,8
6164,16,8
6165,17,8
6166,17,8
6167,17,8
6168,17,8
6169,13,8
6170,13,8
6171,10,8
6172,11,8
6173,14,8
6174,9,8
6175,10,8
6176,12,8
6177,12,8
6178,11,8
6179,13,8
6180,13,8
6181,11,8
6182,10,8
6183,11,8
6184,10,8
6185,8,8
6186,10,8
6187,10,8
6188,8,8
6189,10,8
6190,11,8
6191,11,8
6192,11,8
6193,12,8
6194,14,8
6195,12,8
6196,13,8
6197,11,8
6198,8,8
6199,8,8
6200,8,8
6201,7,8
6202,8,8
6203,7,8
6204,7,8
6205,7,8
6206,6,8
6207,6,8
6208,6,8
6209,5,8
6210,7,8
6211,3,8
6212,3,8
6213,5,8
6214,6,8
6215,4,8
6216,4,8
6217,4,8
6218,4,8
6219,3,8
6220,2,8
6221,2,8
6222,2,8
6223,2,8
6224,2,8
6225,2,8
6226,2,8
6227,1,8
6228,1,8
6229,1,8
6230,1,8
6231,1,8
6232,1,8
6233,1,8
6234,1,8
6235,1,8
6236,1,8
6237,0,8
6238,3,9
6239,2,9
6240,2,9
6241,1,9
6242,2,9
6243,2,9
6244,1,9
6245,1,9
6246,0,9
6247,0,9
6248,0,9
6249,0,9
6250,0,9
6251,0,9
6252,0,9
6253,0,9
6254,0,9
6255,19,9
6256,18,9
6257,19,9
6258,20,9
6259,18,9
6260,18,9
6261,19,9
6262,17,9
6263,17,9
6264,20,9
6265,17,9
6266,18,9
6267,16,9
6268,17,9
6269,16,9
6270,18,9
6271,18,9
6272,18,9
6273,20,9
6274,18,9
6275,18,9
6276,19,9
6277,19,9
6278,19,9
6279,17,9
6280,17,9
6281,17,9
6282,17,9
6283,15,9
6284,19,9
6285,17,9
6286,19,9
6287,18,9
6288,20,9
6289,21,9
6290,21,9
6291,21,9
6292,20,9
6293,21,9
6294,20,9
6295,20,9
6296,19,9
6297,20,9
6298,18,9
6299,20,9
6300,19,9
6301,18,9
6302,22,9
6303,21,9
6304,20,9
6305,20,9
6306,21,9
6307,20,9
6308,19,9
6309,19,9
6310,20,9
6311,19,9
6312,19,9
6313,18,9
6314,21,9
6315,19,9
6316,20,9
6317,22,9
6318,18,9
6319,21,9
6320,20,9
6321,19,9
6322,17,9
6323,20,9
6324,18,9
6325,19,9
6326,18,9
6327,20,9
6328,17,9
6329,16,9
6330,17,9
6331,17,9
6332,18,9
6333,17,9
6334,20,9
6335,18,9
6336,18,9
6337,19,9
6338,19,9
6339,20,9
6340,20,9
6341,19,9
6342,18,9
6343,15,9
6344,19,9
6345,17,9
6346,16,9
6347,15,9
6348,15,9
6349,17,9
6350,17,9
6351,16,9
6352,18,9
6353,20,9
6354,21,9
6355,18,9
6356,18,9
6357,16,9
6358,18,9
6359,18,9
6360,15,9
6361,18,9
6362,18,9
6363,17,9
6364,16,9
6365,20,9
6366,19,9
6367,20,9
6368,18,9
6369,20,9
6370,18,9
6371,21,9
6372,19,9
6373,19,9
6374,21,9
6375,20,9
6376,20,9
6377,20,9
6378,20,9
6379,17,9
6380,19,9
6381,18,9
6382,21,9
6383,21,9
6384,20,9
6385,18,9
6386,19,9
6387,18,9
6388,21,9
6389,21,9
6390,20,9
6391,20,9
6392,19,9
6393,18,9
6394,20,9
6395,19,9
6396,19,9
6397,18,9
6398,20,9
6399,22,9
6400,19,9
6401,19,9
6402,19,9
6403,22,9
6404,22,9
6405,24,9
6406,23,9
6407,22,9
6408,22,9
6409,23,9
6410,24,9
6411,24,9
6412,24,9
6413,22,9
6414,22,9
6415,19,9
6416,21,9
6417,24,9
6418,23,9
6419,21,9
6420,21,9
6421,21,9
6422,23,9
6423,21,9
6424,23,9
6425,22,9
6426,19,9
6427,19,9
6428,20,9
6429,21,9
6430,18,9
6431,18,9
6432,21,9
6433,19,9
6434,20,9
6435,18,9
6436,19,9
6437,18,9
6438,18,9
6439,21,9
6440,21,9
6441,20,9
6442,19,9
6443,18,9
6444,19,9
6445,19,9
6446,18,9
6447,18,9
6448,17,9
6449,16,9
6450,16,9
6451,17,9
6452,18,9
6453,18,9
6454,20,9
6455,17,9
6456,16,9
6457,16,9
6458,21,9
6459,18,9
6460,16,9
6461,18,9
6462,19,9
6463,17,9
6464,19,9
6465,19,9
6466,18,9
6467,18,9
6468,17,9
6469,20,9
6470,16,9
6471,16,9
6472,16,9
6473,17,9
6474,13,9
6475,13,9
6476,13,9
6477,14,9
6478,13,9
6479,14,9
6480,14,9
6481,15,9
6482,16,9
6483,15,9
6484,15,9
6485,14,9
6486,15,9
6487,15,9
6488,15,9
6489,16,9
6490,17,9
6491,18,9
6492,18,9
6493,16,9
6494,15,9
6495,16,9
6496,16,9
6497,15,9
6498,15,9
6499,16,9
6500,18,9
6501,16,9
6502,17,9
6503,17,9
6504,16,9
6505,17,9
6506,18,9
6507,17,9
6508,18,9
6509,18,9
6510,19,9
6511,19,9
6512,19,9
6513,17,9
6514,19,9
6515,19,9
6516,20,9
6517,20,9
6518,19,9
6519,18,9
6520,20,9
6521,18,9
6522,19,9
6523,21,9
6524,22,9
6525,17,9
6526,19,9
6527,21,9
6528,18,9
6529,20,9
6530,19,9
6531,20,9
6532,23,9
6533,20,9
6534,21,9
6535,23,9
6536,21,9
6537,20,9
6538,22,9
6539,22,9
6540,23,9
6541,18,9
6542,18,9
6543,18,9
6544,19,9
6545,21,9
6546,22,9
6547,23,9
6548,22,9
6549,21,9
6550,20,9
6551,22,9
6552,19,9
6553,22,9
6554,26,9
6555,23,9
6556,22,9
6557,19,9
6558,22,9
6559,22,9
6560,23,9
6561,23,9
6562,23,9
6563,24,9
6564,24,9
6565,22,9
6566,20,9
6567,19,9
6568,21,9
6569,19,9
6570,22,9
6571,19,9
6572,21,9
6573,20,9
6574,19,9
6575,21,9
6576,24,9
6577,25,9
6578,24,9
6579,23,9
6580,21,9
6581,22,9
6582,25,9
6583,24,9
6584,23,9
6585,24,9
6586,24,9
6587,23,9
6588,26,9
6589,25,9
6590,23,9
6591,22,9
6592,21,9
6593,21,9
6594,21,9
6595,21,9
6596,21,9
6597,20,9
6598,21,9
6599,19,9
6600,18,9
6601,20,9
6602,22,9
6603,21,9
6604,23,9
6605,23,9
6606,21,9
6607,24,9
6608,23,9
6609,22,9
6610,24,9
6611,22,9
6612,23,9
6613,24,9
6614,24,9
6615,21,9
6616,21,9
6617,20,9
6618,22,9
6619,21,9
6620,23,9
6621,23,9
6622,21,9
6623,20,9
6624,22,9
6625,21,9
6626,20,9
6627,19,9
6628,20,9
6629,22,9
6630,22,9
6631,22,9
6632,24,9
6633,22,9
6634,22,9
6635,18,9
6636,20,9
6637,21,9
6638,21,9
6639,19,9
6640,23,9
6641,22,9
6642,20,9
6643,20,9
6644,19,9
6645,22,9
6646,23,9
6647,21,9
6648,23,9
6649,23,9
6650,22,9
6651,21,9
6652,22,9
6653,23,9
6654,21,9
6655,21,9
6656,22,9
6657,22,9
6658,24,9
6659,23,9
6660,21,9
6661,20,9
6662,20,9
6663,18,9
6664,18,9
6665,21,9
6666,19,9
6667,20,9
6668,22,9
6669,22,9
6670,21,9
6671,23,9
6672,22,9
6673,23,9
6674,20,9
6675,22,9
6676,21,9
6677,21,9
6678,21,9
6679,22,9
6680,21,9
6681,20,9
6682,22,9
6683,22,9
6684,23,9
6685,23,9
6686,23,9
6687,21,9
6688,21,9
6689,22,9
6690,21,9
6691,22,9
6692,22,9
6693,19,9
6694,24,9
6695,24,9
6696,24,9
6697,21,9
6698,21,9
6699,21,9
6700,21,9
6701,20,9
6702,20,9
6703,21,9
6704,20,9
6705,20,9
6706,20,9
6707,19,9
6708,21,9
6709,20,9
6710,21,9
6711,21,9
6712,20,9
6713,20,9
6714,21,9
6715,20,9
6716,18,9
6717,19,9
6718,18,9
6719,19,9
6720,21,9
6721,20,9
6722,20,9
6723,18,9
6724,19,9
6725,19,9
6726,23,9
6727,24,9
6728,22,9
6729,22,9
6730,21,9
6731,20,9
6732,18,9
6733,19,9
6734,23,9
6735,21,9
6736,20,9
6737,19,9
6738,21,9
6739,20,9
6740,18,9
6741,17,9
6742,18,9
6743,19,9
6744,20,9
6745,20,9
6746,20,9
6747,20,9
6748,21,9
6749,21,9
6750,20,9
6751,20,9
6752,21,9
6753,23,9
6754,22,9
6755,20,9
6756,24,9
6757,22,9
6758,22,9
6759,18,9
6760,18,9
6761,19,9
6762,19,9
6763,19,9
6764,19,9
6765,19,9
6766,19,9
6767,18,9
6768,19,9
6769,18,9
6770,20,9
6771,19,9
6772,18,9
6773,20,9
6774,19,9
6775,19,9
6776,20,9
6777,19,9
6778,20,9
6779,20,9
6780,22,9
6781,20,9
6782,24,9
6783,22,9
6784,24,9
6785,22,9
6786,20,9
6787,18,9
6788,19,9
6789,19,9
6790,19,9
6791,18,9
6792,20,9
6793,18,9
6794,18,9
6795,18,9
6796,19,9
6797,21,9
6798,22,9
6799,22,9
6800,23,9
6801,22,9
6802,20,9
6803,20,9
6804,19,9
6805,19,9
6806,21,9
6807,19,9
6808,18,9
6809,19,9
6810,19,9
6811,18,9
6812,19,9
6813,16,9
6814,16,9
6815,17,9
6816,18,9
6817,18,9
6818,16,9
6819,17,9
6820,20,9
6821,18,9
6822,19,9
6823,18,9
6824,18,9
6825,18,9
6826,18,9
6827,17,9
6828,17,9
6829,18,9
6830,19,9
6831,21,9
6832,21,9
6833,22,9
6834,25,9
6835,22,9
6836,20,9
6837,17,9
6838,19,9
6839,16,9
6840,17,9
6841,14,9
6842,16,9
6843,13,9
6844,11,9
6845,10,9
6846,10,9
6847,8,9
6848,7,9
6849,7,9
6850,5,9
6851,8,9
6852,6,9
6853,4,9
6854,6,9
6855,4,9
6856,10,9
6857,7,9
6858,10,9
6859,10,9
6860,9,9
6861,8,9
6862,7,9
6863,10,9
6864,9,9
6865,7,9
6866,6,9
6867,6,9
6868,9,9
6869,6,9
6870,9,9
6871,7,9
6872,9,9
6873,7,9
6874,6,9
6875,6,9
6876,6,9
6877,6,9
6878,6,9
6879,7,9
6880,4,9
6881,6,9
6882,5,9
6883,4,9
6884,5,9
6885,5,9
6886,5,9
6887,5,9
6888,4,9
6889,4,9
6890,3,9
6891,5,9
6892,4,9
6893,4,9
6894,5,9
6895,5,9
6896,4,9
6897,3,9
6898,3,9
6899,4,9
6900,3,9
6901,2,9
6902,3,9
6903,1,9
6904,2,9
6905,3,9
6906,3,9
6907,3,9
6908,3,9
6909,3,9
6910,2,9
6911,3,9
6912,3,9
6913,3,9
6914,3,9
6915,3,9
6916,3,9
6917,3,9
6918,3,9
6919,3,9
6920,3,9
6921,3,9
6922,3,9
6923,3,9
6924,3,9
6925,3,9
6926,3,9
6927,3,9
6928,3,9
6929,3,9
6930,3,9
6931,14,10
6932,14,10
6933,14,10
6934,15,10
6935,14,10
6936,16,10
6937,15,10
6938,15,10
6939,15,10
6940,16,10
6941,16,10
6942,16,10
6943,15,10
6944,15,10
6945,15,10
6946,15,10
6947,15,10
6948,15,10
6949,16,10
6950,16,10
6951,16,10
6952,16,10
6953,17,10
6954,16,10
6955,16,10
6956,15,10
6957,16,10
6958,16,10
6959,16,10
6960,16,10
6961,15,10
6962,16,10
6963,16,10
6964,15,10
6965,15,10
6966,15,10
6967,15,10
6968,15,10
6969,15,10
6970,15,10
6971,15,10
6972,15,10
6973,15,10
6974,15,10
6975,15,10
6976,15,10
6977,15,10
6978,16,10
6979,17,10
6980,17,10
6981,16,10
6982,17,10
6983,17,10
6984,17,10
6985,17,10
6986,16,10
6987,17,10
6988,17,10
6989,16,10
6990,15,10
6991,16,10
6992,17,10
6993,17,10
6994,17,10
6995,16,10
6996,16,10
6997,17,10
6998,15,10
6999,16,10
7000,16,10
7001,16,10
7002,16,10
7003,16,10
7004,16,10
7005,17,10
7006,17,10
7007,18,10
7008,17,10
7009,18,10
7010,17,10
7011,17,10
7012,17,10
7013,17,10
7014,17,10
7015,16,10
7016,15,10
7017,15,10
7018,15,10
7019,15,10
7020,16,10
7021,16,10
7022,17,10
7023,17,10
7024,17,10
7025,16,10
7026,17,10
7027,18,10
7028,18,10
7029,18,10
7030,17,10
7031,17,10
7032,17,10
7033,17,10
7034,17,10
7035,16,10
7036,17,10
7037,17,10
7038,17,10
7039,16,10
7040,16,10
7041,16,10
7042,16,10
7043,16,10
7044,16,10
7045,16,10
7046,18,10
7047,17,10
7048,17,10
7049,17,10
7050,17,10
7051,17,10
7052,17,10
7053,17,10
7054,17,10
7055,17,10
7056,18,10
7057,17,10
7058,17,10
7059,17,10
7060,17,10
7061,17,10
7062,17,10
7063,17,10
7064,17,10
7065,17,10
7066,18,10
7067,18,10
7068,18,10
7069,18,10
7070,18,10
7071,19,10
7072,18,10
7073,18,10
7074,18,10
7075,18,10
7076,19,10
7077,17,10
7078,18,10
7079,18,10
7080,17,10
7081,16,10
7082,16,10
7083,16,10
7084,17,10
7085,18,10
7086,17,10
7087,17,10
7088,17,10
7089,17,10
7090,16,10
7091,16,10
7092,16,10
7093,16,10
7094,16,10
7095,16,10
7096,16,10
7097,15,10
7098,16,10
7099,18,10
7100,16,10
7101,16,10
7102,16,10
7103,17,10
7104,17,10
7105,17,10
7106,18,10
7107,18,10
7108,18,10
7109,18,10
7110,18,10
7111,18,10
7112,18,10
7113,18,10
7114,19,10
7115,18,10
7116,18,10
7117,17,10
7118,18,10
7119,18,10
7120,18,10
7121,18,10
7122,17,10
7123,17,10
7124,17,10
7125,16,10
7126,17,10
7127,16,10
7128,16,10
7129,17,10
7130,17,10
7131,17,10
7132,17,10
7133,17,10
7134,17,10
7135,17,10
7136,17,10
7137,17,10
7138,17,10
7139,17,10
7140,17,10
7141,17,10
7142,17,10
7143,17,10
7144,17,10
7145,18,10
7146,17,10
7147,18,10
7148,18,10
7149,17,10
7150,17,10
7151,17,10
7152,17,10
7153,17,10
7154,18,10
7155,17,10
7156,17,10
7157,17,10
7158,17,10
7159,18,10
7160,18,10
7161,17,10
7162,17,10
7163,17,10
7164,17,10
7165,17,10
7166,17,10
7167,17,10
7168,17,10
7169,17,10
7170,17,10
7171,18,10
7172,18,10
7173,17,10
7174,17,10
7175,17,10
7176,17,10
7177,17,10
7178,18,10
7179,18,10
7180,18,10
7181,18,10
7182,17,10
7183,17,10
7184,17,10
7185,17,10
7186,17,10
7187,17,10
7188,17,10
7189,17,10
7190,17,10
7191,17,10
7192,17,10
7193,17,10
7194,17,10
7195,17,10
7196,17,10
7197,17,10
7198,18,10
7199,19,10
7200,16,10
7201,15,10
7202,16,10
7203,16,10
7204,16,10
7205,16,10
7206,16,10
7207,16,10
7208,16,10
7209,16,10
7210,16,10
7211,16,10
7212,17,10
7213,17,10
7214,18,10
7215,17,10
7216,17,10
7217,17,10
7218,17,10
7219,16,10
7220,17,10
7221,18,10
7222,18,10
7223,17,10
7224,17,10
7225,17,10
7226,17,10
7227,17,10
7228,17,10
7229,17,10
7230,16,10
7231,17,10
7232,17,10
7233,16,10
7234,17,10
7235,17,10
7236,16,10
7237,15,10
7238,15,10
7239,16,10
7240,17,10
7241,17,10
7242,19,10
7243,18,10
7244,16,10
7245,16,10
7246,16,10
7247,17,10
7248,18,10
7249,17,10
7250,18,10
7251,17,10
7252,17,10
7253,16,10
7254,17,10
7255,17,10
7256,17,10
7257,17,10
7258,16,10
7259,18,10
7260,17,10
7261,17,10
7262,16,10
7263,16,10
7264,16,10
7265,16,10
7266,16,10
7267,16,10
7268,16,10
7269,16,10
7270,16,10
7271,17,10
7272,17,10
7273,17,10
7274,16,10
7275,15,10
7276,15,10
7277,15,10
7278,14,10
7279,15,10
7280,14,10
7281,15,10
7282,15,10
7283,16,10
7284,16,10
7285,16,10
7286,16,10
7287,16,10
7288,16,10
7289,15,10
7290,15,10
7291,16,10
7292,16,10
7293,16,10
7294,16,10
7295,16,10
7296,16,10
7297,16,10
7298,15,10
7299,15,10
7300,16,10
7301,16,10
7302,17,10
7303,16,10
7304,16,10
7305,16,10
7306,17,10
7307,17,10
7308,16,10
7309,16,10
7310,16,10
7311,18,10
7312,16,10
7313,16,10
7314,16,10
7315,17,10
7316,16,10
7317,17,10
7318,17,10
7319,16,10
7320,16,10
7321,15,10
7322,15,10
7323,16,10
7324,16,10
7325,15,10
7326,15,10
7327,15,10
7328,16,10
7329,16,10
7330,17,10
7331,17,10
7332,17,10
7333,17,10
7334,15,10
7335,17,10
7336,16,10
7337,15,10
7338,15,10
7339,15,10
7340,15,10
7341,15,10
7342,15,10
7343,15,10
7344,15,10
7345,16,10
7346,15,10
7347,15,10
7348,15,10
7349,15,10
7350,15,10
7351,15,10
7352,15,10
7353,15,10
7354,15,10
7355,15,10
7356,15,10
7357,15,10
7358,15,10
7359,15,10
7360,15,10
7361,15,10
7362,15,10
7363,15,10
7364,16,10
7365,15,10
7366,15,10
7367,15,10
7368,15,10
7369,15,10
7370,16,10
7371,17,10
7372,17,10
7373,15,10
7374,15,10
7375,15,10
7376,15,10
7377,15,10
7378,15,10
7379,15,10
7380,15,10
7381,15,10
7382,16,10
7383,15,10
7384,15,10
7385,15,10
7386,15,10
7387,15,10
7388,15,10
7389,15,10
7390,15,10
7391,15,10
7392,15,10
7393,15,10
7394,15,10
7395,15,10
7396,15,10
7397,14,10
7398,15,10
7399,15,10
7400,15,10
7401,15,10
7402,15,10
7403,15,10
7404,15,10
7405,15,10
7406,15,10
7407,15,10
7408,15,10
7409,15,10
7410,15,10
7411,15,10
7412,15,10
7413,15,10
7414,15,10
7415,15,10
7416,15,10
7417,15,10
7418,15,10
7419,15,10
7420,15,10
7421,15,10
7422,15,10
7423,16,10
7424,15,10
7425,15,10
7426,14,10
7427,14,10
7428,15,10
7429,15,10
7430,15,10
7431,15,10
7432,15,10
7433,15,10
7434,15,10
7435,15,10
7436,15,10
7437,15,10
7438,15,10
7439,15,10
7440,15,10
7441,16,10
7442,15,10
7443,15,10
7444,15,10
7445,15,10
7446,15,10
7447,15,10
7448,15,10
7449,15,10
7450,15,10
7451,15,10
7452,15,10
7453,15,10
7454,15,10
7455,15,10
7456,15,10
7457,15,10
7458,15,10
7459,15,10
7460,15,10
7461,15,10
7462,15,10
7463,15,10
7464,15,10
7465,15,10
7466,15,10
7467,15,10
7468,15,10
7469,15,10
7470,15,10
7471,15,10
7472,15,10
7473,14,10
7474,14,10
7475,14,10
7476,14,10
7477,15,10
7478,15,10
7479,15,10
7480,15,10
7481,15,10
7482,15,10
7483,15,10
7484,15,10
7485,15,10
7486,15,10
7487,15,10
7488,16,10
7489,16,10
7490,16,10
7491,15,10
7492,16,10
7493,15,10
7494,16,10
7495,16,10
7496,16,10
7497,16,10
7498,16,10
7499,16,10
7500,16,10
7501,16,10
7502,16,10
7503,16,10
7504,15,10
7505,15,10
7506,15,10
7507,15,10
7508,15,10
7509,15,10
7510,15,10
7511,16,10
7512,15,10
7513,15,10
7514,15,10
7515,15,10
7516,15,10
7517,16,10
7518,15,10
7519,18,10
7520,17,10
7521,15,10
7522,16,10
7523,17,10
7524,16,10
7525,16,10
7526,17,10
7527,16,10
7528,15,10
7529,15,10
7530,15,10
7531,15,10
7532,16,10
7533,15,10
7534,16,10
7535,16,10
7536,16,10
7537,16,10
7538,15,10
7539,17,10
7540,17,10
7541,17,10
7542,16,10
7543,16,10
7544,15,10
7545,16,10
7546,16,10
7547,16,10
7548,17,10
7549,16,10
7550,16,10
7551,15,10
7552,15,10
7553,15,10
7554,15,10
7555,15,10
7556,15,10
7557,15,10
7558,15,10
7559,17,10
7560,16,10
7561,17,10
7562,15,10
7563,17,10
7564,15,10
7565,16,10
7566,16,10
7567,15,10
7568,15,10
7569,15,10
7570,15,10
7571,15,10
7572,15,10
7573,15,10
7574,15,10
7575,15,10
7576,15,10
7577,15,10
7578,15,10
7579,16,10
7580,16,10
7581,15,10
7582,15,10
7583,15,10
7584,15,10
7585,15,10
7586,15,10
7587,15,10
7588,15,10
7589,15,10
7590,15,10
7591,15,10
7592,15,10
7593,15,10
7594,15,10
7595,15,10
7596,15,10
7597,15,10
7598,15,10
7599,15,10
7600,15,10
7601,15,10
7602,15,10
7603,15,10
7604,15,10
7605,15,10
7606,15,10
7607,15,10
7608,15,10
7609,15,10
7610,15,10
7611,15,10
7612,15,10
7613,15,10
7614,15,10
7615,15,10
7616,15,10
7617,15,10
7618,15,10
7619,15,10
7620,15,10
7621,15,10
7622,15,10
7623,15,10
7624,15,10
7625,15,10
7626,15,10
7627,15,10
7628,15,10
7629,15,10
7630,15,10
7631,15,10
7632,15,10
7633,15,10
7634,15,10
7635,15,10
7636,15,10
7637,15,10
7638,15,10
7639,15,10
7640,15,10
7641,15,10
7642,15,10
7643,15,10
7644,15,10
7645,14,10
7646,14,10
7647,15,10
7648,15,10
7649,15,10
7650,15,10
7651,17,10
7652,18,10
7653,18,10
7654,17,10
7655,15,10
7656,17,10
7657,15,10
7658,15,10
7659,16,10
7660,14,10
7661,15,10
7662,15,10
7663,14,10
7664,16,10
7665,15,10
7666,15,10
7667,15,10
7668,15,10
7669,16,10
7670,15,10
7671,15,10
7672,14,10
7673,14,10
7674,13,10
7675,13,10
7676,14,10
7677,15,10
7678,17,10
7679,15,10
7680,15,10
7681,15,10
7682,13,10
7683,15,10
7684,15,10
7685,14,10
7686,11,10
7687,11,10
7688,10,10
7689,11,10
7690,12,10
7691,12,10
7692,11,10
7693,11,10
7694,10,10
7695,10,10
7696,9,10
7697,8,10
7698,8,10
7699,9,10
7700,6,10
7701,7,10
7702,6,10
7703,6,10
7704,4,10
7705,5,10
7706,5,10
7707,6,10
7708,6,10
7709,3,10
7710,4,10
7711,4,10
7712,3,10
7713,4,10
7714,6,10
7715,5,10
7716,3,10
7717,3,10
7718,3,10
7719,3,10
7720,3,10
7721,4,10
7722,5,10
7723,3,10
7724,2,10
7725,3,10
7726,2,10
7727,0,10
7728,1,10
7729,0,10
7730,0,10
7731,0,10
7732,0,10
7733,0,10
7734,0,10
7735,0,10
7736,0,10
7737,0,10
7738,0,10
